Model,Horizon,Threshold,Samples,Positive rate,Predicted positive rate,Accuracy,Precision,Recall,F1,ROC-AUC,PR-AUC,True negatives,False positives,False negatives,True positives,F2
Calibrated Logistic,10,0.05,3062,0.05388634879163945,0.10091443500979752,0.952971913781842,0.5339805825242718,1.0,0.6962025316455697,0.9981161284923799,0.9693729949278823,2753,144,0,165,0.8513931888544892
Calibrated Logistic,10,0.06,3062,0.05388634879163945,0.09797517962116264,0.9559111691704768,0.55,1.0,0.7096774193548387,0.9981161284923799,0.9693729949278823,2762,135,0,165,0.859375
Calibrated Logistic,10,0.07,3062,0.05388634879163945,0.09634225996080993,0.9575440888308295,0.559322033898305,1.0,0.717391304347826,0.9981161284923799,0.9693729949278823,2767,130,0,165,0.8638743455497382
Calibrated Logistic,10,0.08,3062,0.05388634879163945,0.09111691704768125,0.9627694317439582,0.5913978494623656,1.0,0.7432432432432432,0.9981161284923799,0.9693729949278823,2783,114,0,165,0.8785942492012779
Calibrated Logistic,10,0.09,3062,0.05388634879163945,0.08850424559111691,0.9653821032005225,0.6088560885608856,1.0,0.7568807339449541,0.9981161284923799,0.9693729949278823,2791,106,0,165,0.8861439312567132
Calibrated Logistic,10,0.1,3062,0.05388634879163945,0.08621815806662313,0.9676681907250163,0.625,1.0,0.7692307692307693,0.9981161284923799,0.9693729949278823,2798,99,0,165,0.8928571428571429
Calibrated Logistic,10,0.11,3062,0.05388634879163945,0.08491182233834095,0.9689745264532985,0.6346153846153846,1.0,0.7764705882352941,0.9981161284923799,0.9693729949278823,2802,95,0,165,0.8967391304347826
Calibrated Logistic,10,0.12,3062,0.05388634879163945,0.08360548661005879,0.9702808621815807,0.64453125,1.0,0.7838479809976246,0.9981161284923799,0.9693729949278823,2806,91,0,165,0.9006550218340611
Calibrated Logistic,10,0.13,3062,0.05388634879163945,0.08262573481384716,0.9712606139777923,0.6521739130434783,1.0,0.7894736842105263,0.9981161284923799,0.9693729949278823,2809,88,0,165,0.9036144578313253
Calibrated Logistic,10,0.14,3062,0.05388634879163945,0.08131939908556499,0.9725669497060745,0.6626506024096386,1.0,0.7971014492753623,0.9981161284923799,0.9693729949278823,2813,84,0,165,0.9075907590759077
Calibrated Logistic,10,0.15,3062,0.05388634879163945,0.08099281515349445,0.972893533638145,0.6653225806451613,1.0,0.7990314769975787,0.9981161284923799,0.9693729949278823,2814,83,0,165,0.908590308370044
Calibrated Logistic,10,0.16,3062,0.05388634879163945,0.08001306335728282,0.9738732854343566,0.673469387755102,1.0,0.8048780487804879,0.9981161284923799,0.9693729949278823,2817,80,0,165,0.9116022099447514
Calibrated Logistic,10,0.17,3062,0.05388634879163945,0.0790333115610712,0.9748530372305683,0.6818181818181818,1.0,0.8108108108108109,0.9981161284923799,0.9693729949278823,2820,77,0,165,0.9146341463414633
Calibrated Logistic,10,0.18,3062,0.05388634879163945,0.07740039190071848,0.976485956890921,0.6962025316455697,1.0,0.8208955223880597,0.9981161284923799,0.9693729949278823,2825,72,0,165,0.919732441471572
Calibrated Logistic,10,0.19,3062,0.05388634879163945,0.0767472240365774,0.976485956890921,0.6978723404255319,0.9939393939393939,0.82,0.9981161284923799,0.9693729949278823,2826,71,1,164,0.9162011173184358
Calibrated Logistic,10,0.2,3062,0.05388634879163945,0.07609405617243632,0.977139124755062,0.703862660944206,0.9939393939393939,0.8241206030150754,0.9981161284923799,0.9693729949278823,2828,69,1,164,0.9182530795072789
Calibrated Logistic,10,0.21,3062,0.05388634879163945,0.07544088830829523,0.977139124755062,0.7056277056277056,0.9878787878787879,0.8232323232323232,0.9981161284923799,0.9693729949278823,2829,68,2,163,0.914702581369248
Calibrated Logistic,10,0.22,3062,0.05388634879163945,0.07413455258001306,0.9784454604833442,0.7180616740088106,0.9878787878787879,0.8316326530612245,0.9981161284923799,0.9693729949278823,2833,64,2,163,0.9188275084554679
Calibrated Logistic,10,0.23,3062,0.05388634879163945,0.07348138471587198,0.9790986283474853,0.7244444444444444,0.9878787878787879,0.8358974358974359,0.9981161284923799,0.9693729949278823,2835,62,2,163,0.92090395480226
Calibrated Logistic,10,0.24,3062,0.05388634879163945,0.07184846505551927,0.980731548007838,0.740909090909091,0.9878787878787879,0.8467532467532467,0.9981161284923799,0.9693729949278823,2840,57,2,163,0.9261363636363638
Calibrated Logistic,10,0.25,3062,0.05388634879163945,0.07119529719137818,0.9813847158719791,0.7477064220183486,0.9878787878787879,0.8511749347258486,0.9981161284923799,0.9693729949278823,2842,55,2,163,0.928246013667426
Calibrated Logistic,10,0.26,3062,0.05388634879163945,0.07021554539516656,0.9823644676681907,0.7581395348837209,0.9878787878787879,0.8578947368421053,0.9981161284923799,0.9693729949278823,2845,52,2,163,0.9314285714285714
Calibrated Logistic,10,0.27,3062,0.05388634879163945,0.06988896146309602,0.9826910516002613,0.7616822429906542,0.9878787878787879,0.8601583113456465,0.9981161284923799,0.9693729949278823,2846,51,2,163,0.9324942791762013
Calibrated Logistic,10,0.28,3062,0.05388634879163945,0.06988896146309602,0.9826910516002613,0.7616822429906542,0.9878787878787879,0.8601583113456465,0.9981161284923799,0.9693729949278823,2846,51,2,163,0.9324942791762013
Calibrated Logistic,10,0.29,3062,0.05388634879163945,0.06858262573481384,0.9833442194644023,0.7714285714285715,0.9818181818181818,0.864,0.9981161284923799,0.9693729949278823,2849,48,3,162,0.9310344827586207
Calibrated Logistic,10,0.3,3062,0.05388634879163945,0.06792945787067277,0.9839973873285435,0.7788461538461539,0.9818181818181818,0.868632707774799,0.9981161284923799,0.9693729949278823,2851,46,3,162,0.933179723502304
Calibrated Logistic,10,0.31,3062,0.05388634879163945,0.06727629000653168,0.9839973873285435,0.7815533980582524,0.9757575757575757,0.8679245283018868,0.9981161284923799,0.9693729949278823,2852,45,4,161,0.9295612009237875
Calibrated Logistic,10,0.32,3062,0.05388634879163945,0.06727629000653168,0.9839973873285435,0.7815533980582524,0.9757575757575757,0.8679245283018868,0.9981161284923799,0.9693729949278823,2852,45,4,161,0.9295612009237875
Calibrated Logistic,10,0.33,3062,0.05388634879163945,0.06662312214239059,0.9833442194644023,0.7794117647058824,0.9636363636363636,0.8617886178861789,0.9981161284923799,0.9693729949278823,2852,45,6,159,0.920138888888889
Calibrated Logistic,10,0.34,3062,0.05388634879163945,0.06629653821032006,0.983670803396473,0.7832512315270936,0.9636363636363636,0.8641304347826086,0.9981161284923799,0.9693729949278823,2853,44,6,159,0.9212050984936269
Calibrated Logistic,10,0.35,3062,0.05388634879163945,0.0659699542782495,0.9833442194644023,0.7821782178217822,0.9575757575757575,0.8610354223433242,0.9981161284923799,0.9693729949278823,2853,44,7,158,0.916473317865429
Calibrated Logistic,10,0.36,3062,0.05388634879163945,0.0659699542782495,0.9833442194644023,0.7821782178217822,0.9575757575757575,0.8610354223433242,0.9981161284923799,0.9693729949278823,2853,44,7,158,0.916473317865429
Calibrated Logistic,10,0.37,3062,0.05388634879163945,0.06531678641410843,0.9833442194644023,0.785,0.9515151515151515,0.8602739726027397,0.9981161284923799,0.9693729949278823,2854,43,8,157,0.9127906976744186
Calibrated Logistic,10,0.38,3062,0.05388634879163945,0.06466361854996734,0.9833442194644023,0.7878787878787878,0.9454545454545454,0.859504132231405,0.9981161284923799,0.9693729949278823,2855,42,9,156,0.9090909090909092
Calibrated Logistic,10,0.39,3062,0.05388634879163945,0.06368386675375572,0.984323971260614,0.8,0.9454545454545454,0.8666666666666667,0.9981161284923799,0.9693729949278823,2858,39,9,156,0.9122807017543859
Calibrated Logistic,10,0.4,3062,0.05388634879163945,0.06270411495754409,0.9853037230568256,0.8125,0.9454545454545454,0.8739495798319328,0.9981161284923799,0.9693729949278823,2861,36,9,156,0.9154929577464789
Calibrated Logistic,10,0.41,3062,0.05388634879163945,0.06139777922926192,0.9859568909209667,0.824468085106383,0.9393939393939394,0.8781869688385269,0.9981161284923799,0.9693729949278823,2864,33,10,155,0.9139150943396227
Calibrated Logistic,10,0.42,3062,0.05388634879163945,0.06139777922926192,0.9859568909209667,0.824468085106383,0.9393939393939394,0.8781869688385269,0.9981161284923799,0.9693729949278823,2864,33,10,155,0.9139150943396227
Calibrated Logistic,10,0.43,3062,0.05388634879163945,0.06074461136512083,0.9859568909209667,0.8279569892473119,0.9333333333333333,0.8774928774928775,0.9981161284923799,0.9693729949278823,2865,32,11,154,0.9101654846335697
Calibrated Logistic,10,0.44,3062,0.05388634879163945,0.06074461136512083,0.9859568909209667,0.8279569892473119,0.9333333333333333,0.8774928774928775,0.9981161284923799,0.9693729949278823,2865,32,11,154,0.9101654846335697
Calibrated Logistic,10,0.45,3062,0.05388634879163945,0.06009144350097975,0.9866100587851078,0.8369565217391305,0.9333333333333333,0.8825214899713467,0.9981161284923799,0.9693729949278823,2867,30,11,154,0.9123222748815166
Calibrated Logistic,10,0.46,3062,0.05388634879163945,0.05976485956890921,0.9869366427171783,0.8415300546448088,0.9333333333333333,0.8850574712643678,0.9981161284923799,0.9693729949278823,2868,29,11,154,0.9134045077105574
Calibrated Logistic,10,0.47,3062,0.05388634879163945,0.05943827563683867,0.9872632266492488,0.8461538461538461,0.9333333333333333,0.8876080691642652,0.9981161284923799,0.9693729949278823,2869,28,11,154,0.9144893111638955
Calibrated Logistic,10,0.48,3062,0.05388634879163945,0.05911169170476813,0.9875898105813194,0.850828729281768,0.9333333333333333,0.8901734104046243,0.9981161284923799,0.9693729949278823,2870,27,11,154,0.915576694411415
Calibrated Logistic,10,0.49,3062,0.05388634879163945,0.05845852384062704,0.9875898105813194,0.8547486033519553,0.9272727272727272,0.8895348837209303,0.9981161284923799,0.9693729949278823,2871,26,12,153,0.9117997616209773
Calibrated Logistic,10,0.5,3062,0.05388634879163945,0.05747877204441541,0.988569562377531,0.8693181818181818,0.9272727272727272,0.8973607038123167,0.9981161284923799,0.9693729949278823,2874,23,12,153,0.9150717703349284
Calibrated Logistic,10,0.51,3062,0.05388634879163945,0.05682560418027433,0.988569562377531,0.8735632183908046,0.9212121212121213,0.8967551622418879,0.9981161284923799,0.9693729949278823,2875,22,13,152,0.9112709832134295
Calibrated Logistic,10,0.52,3062,0.05388634879163945,0.056172436316133244,0.988569562377531,0.877906976744186,0.9151515151515152,0.8961424332344213,0.9981161284923799,0.9693729949278823,2876,21,14,151,0.9074519230769231
Calibrated Logistic,10,0.53,3062,0.05388634879163945,0.05584585238406271,0.9888961463096015,0.8830409356725146,0.9151515151515152,0.8988095238095238,0.9981161284923799,0.9693729949278823,2877,20,14,151,0.9085439229843563
Calibrated Logistic,10,0.54,3062,0.05388634879163945,0.05551926845199216,0.988569562377531,0.8823529411764706,0.9090909090909091,0.8955223880597015,0.9981161284923799,0.9693729949278823,2877,20,15,150,0.9036144578313253
Calibrated Logistic,10,0.55,3062,0.05388634879163945,0.05453951665578054,0.9888961463096015,0.8922155688622755,0.9030303030303031,0.8975903614457831,0.9981161284923799,0.9693729949278823,2879,18,16,149,0.9008464328899637
Calibrated Logistic,10,0.56,3062,0.05388634879163945,0.05421293272370999,0.988569562377531,0.891566265060241,0.896969696969697,0.8942598187311178,0.9981161284923799,0.9693729949278823,2879,18,17,148,0.8958837772397097
Calibrated Logistic,10,0.57,3062,0.05388634879163945,0.05355976485956891,0.9892227302416721,0.9024390243902439,0.896969696969697,0.8996960486322189,0.9981161284923799,0.9693729949278823,2881,16,17,148,0.8980582524271845
Calibrated Logistic,10,0.58,3062,0.05388634879163945,0.05323318092749837,0.9888961463096015,0.901840490797546,0.8909090909090909,0.8963414634146342,0.9981161284923799,0.9693729949278823,2881,16,18,147,0.8930741190765492
Calibrated Logistic,10,0.59,3062,0.05388634879163945,0.05323318092749837,0.9888961463096015,0.901840490797546,0.8909090909090909,0.8963414634146342,0.9981161284923799,0.9693729949278823,2881,16,18,147,0.8930741190765492
Calibrated Logistic,10,0.6,3062,0.05388634879163945,0.052906596995427824,0.9892227302416721,0.9074074074074074,0.8909090909090909,0.8990825688073395,0.9981161284923799,0.9693729949278823,2882,15,18,147,0.8941605839416059
Calibrated Logistic,10,0.61,3062,0.05388634879163945,0.05258001306335728,0.9895493141737427,0.9130434782608695,0.8909090909090909,0.901840490797546,0.9981161284923799,0.9693729949278823,2883,14,18,147,0.8952496954933009
Calibrated Logistic,10,0.62,3062,0.05388634879163945,0.05225342913128674,0.9892227302416721,0.9125,0.8848484848484849,0.8984615384615384,0.9981161284923799,0.9693729949278823,2883,14,19,146,0.8902439024390243
Calibrated Logistic,10,0.63,3062,0.05388634879163945,0.051600261267145654,0.988569562377531,0.9113924050632911,0.8727272727272727,0.891640866873065,0.9981161284923799,0.9693729949278823,2883,14,21,144,0.8801955990220047
Calibrated Logistic,10,0.64,3062,0.05388634879163945,0.05127367733507512,0.9882429784454605,0.910828025477707,0.8666666666666667,0.8881987577639752,0.9981161284923799,0.9693729949278823,2883,14,22,143,0.8751529987760098
Calibrated Logistic,10,0.65,3062,0.05388634879163945,0.05062050947093403,0.9882429784454605,0.9161290322580645,0.8606060606060606,0.8875,0.9981161284923799,0.9693729949278823,2884,13,23,142,0.8711656441717791
Calibrated Logistic,10,0.66,3062,0.05388634879163945,0.050293925538863485,0.988569562377531,0.922077922077922,0.8606060606060606,0.890282131661442,0.9981161284923799,0.9693729949278823,2885,12,23,142,0.8722358722358723
Calibrated Logistic,10,0.67,3062,0.05388634879163945,0.04996734160679295,0.9882429784454605,0.9215686274509803,0.8545454545454545,0.8867924528301887,0.9981161284923799,0.9693729949278823,2885,12,24,141,0.8671586715867157
Calibrated Logistic,10,0.68,3062,0.05388634879163945,0.049640757674722404,0.98791639451339,0.9210526315789473,0.8484848484848485,0.8832807570977917,0.9981161284923799,0.9693729949278823,2885,12,25,140,0.8620689655172413
Calibrated Logistic,10,0.69,3062,0.05388634879163945,0.049640757674722404,0.98791639451339,0.9210526315789473,0.8484848484848485,0.8832807570977917,0.9981161284923799,0.9693729949278823,2885,12,25,140,0.8620689655172413
Calibrated Logistic,10,0.7,3062,0.05388634879163945,0.04931417374265186,0.9882429784454605,0.9271523178807947,0.8484848484848485,0.8860759493670886,0.9981161284923799,0.9693729949278823,2886,11,25,140,0.8631319358816277
Calibrated Logistic,10,0.71,3062,0.05388634879163945,0.04866100587851078,0.9882429784454605,0.9328859060402684,0.8424242424242424,0.8853503184713376,0.9981161284923799,0.9693729949278823,2887,10,26,139,0.8590852904820767
Calibrated Logistic,10,0.72,3062,0.05388634879163945,0.04735467015022861,0.9888961463096015,0.9517241379310345,0.8363636363636363,0.8903225806451613,0.9981161284923799,0.9693729949278823,2890,7,27,138,0.8571428571428571
Calibrated Logistic,10,0.73,3062,0.05388634879163945,0.047028086218158065,0.988569562377531,0.9513888888888888,0.8303030303030303,0.8867313915857605,0.9981161284923799,0.9693729949278823,2890,7,28,137,0.8519900497512439
Calibrated Logistic,10,0.74,3062,0.05388634879163945,0.04670150228608753,0.9882429784454605,0.951048951048951,0.8242424242424242,0.8831168831168831,0.9981161284923799,0.9693729949278823,2890,7,29,136,0.846824408468244
Calibrated Logistic,10,0.75,3062,0.05388634879163945,0.046374918354016983,0.98791639451339,0.9507042253521126,0.8181818181818182,0.8794788273615635,0.9981161284923799,0.9693729949278823,2890,7,30,135,0.8416458852867831
Calibrated Logistic,10,0.76,3062,0.05388634879163945,0.046374918354016983,0.98791639451339,0.9507042253521126,0.8181818181818182,0.8794788273615635,0.9981161284923799,0.9693729949278823,2890,7,30,135,0.8416458852867831
Calibrated Logistic,10,0.77,3062,0.05388634879163945,0.04604833442194644,0.9875898105813194,0.950354609929078,0.8121212121212121,0.8758169934640523,0.9981161284923799,0.9693729949278823,2890,7,31,134,0.8364544319600499
Calibrated Logistic,10,0.78,3062,0.05388634879163945,0.04604833442194644,0.9875898105813194,0.950354609929078,0.8121212121212121,0.8758169934640523,0.9981161284923799,0.9693729949278823,2890,7,31,134,0.8364544319600499
Calibrated Logistic,10,0.79,3062,0.05388634879163945,0.045721750489875895,0.9872632266492488,0.95,0.806060606060606,0.8721311475409836,0.9981161284923799,0.9693729949278823,2890,7,32,133,0.83125
Calibrated Logistic,10,0.8,3062,0.05388634879163945,0.04441541476159373,0.9872632266492488,0.9632352941176471,0.793939393939394,0.8704318936877077,0.9981161284923799,0.9693729949278823,2892,5,34,131,0.8228643216080402
Calibrated Logistic,10,0.81,3062,0.05388634879163945,0.04408883082952319,0.9869366427171783,0.9629629629629629,0.7878787878787878,0.8666666666666667,0.9981161284923799,0.9693729949278823,2892,5,35,130,0.8176100628930818
Calibrated Logistic,10,0.82,3062,0.05388634879163945,0.043762246897452645,0.9872632266492488,0.9701492537313433,0.7878787878787878,0.8695652173913043,0.9981161284923799,0.9693729949278823,2893,4,35,130,0.818639798488665
Calibrated Logistic,10,0.83,3062,0.05388634879163945,0.0434356629653821,0.9869366427171783,0.9699248120300752,0.7818181818181819,0.8657718120805369,0.9981161284923799,0.9693729949278823,2893,4,36,129,0.8133669609079445
Calibrated Logistic,10,0.84,3062,0.05388634879163945,0.04212932723709994,0.9869366427171783,0.9844961240310077,0.7696969696969697,0.8639455782312925,0.9981161284923799,0.9693729949278823,2895,2,38,127,0.8048162230671736
Calibrated Logistic,10,0.85,3062,0.05388634879163945,0.04147615937295885,0.9862834748530372,0.984251968503937,0.7575757575757576,0.8561643835616438,0.9981161284923799,0.9693729949278823,2895,2,40,125,0.7941550190597204
Calibrated Logistic,10,0.86,3062,0.05388634879163945,0.040496407576747225,0.9853037230568256,0.9838709677419355,0.7393939393939394,0.8442906574394463,0.9981161284923799,0.9693729949278823,2895,2,43,122,0.778061224489796
Calibrated Logistic,10,0.87,3062,0.05388634879163945,0.03886348791639451,0.983670803396473,0.9831932773109243,0.7090909090909091,0.823943661971831,0.9981161284923799,0.9693729949278823,2895,2,48,117,0.7509627727856225
Calibrated Logistic,10,0.88,3062,0.05388634879163945,0.038536903984323974,0.9833442194644023,0.9830508474576272,0.703030303030303,0.8197879858657244,0.9981161284923799,0.9693729949278823,2895,2,49,116,0.7455012853470437
Calibrated Logistic,10,0.89,3062,0.05388634879163945,0.037883736120182886,0.9826910516002613,0.9827586206896551,0.6909090909090909,0.8113879003558719,0.9981161284923799,0.9693729949278823,2895,2,51,114,0.7345360824742269
Calibrated Logistic,10,0.9,3062,0.05388634879163945,0.03755715218811234,0.9823644676681907,0.9826086956521739,0.6848484848484848,0.8071428571428572,0.9981161284923799,0.9693729949278823,2895,2,52,113,0.729032258064516
Calibrated Logistic,10,0.91,3062,0.05388634879163945,0.037230568256041804,0.9820378837361202,0.9824561403508771,0.6787878787878788,0.8028673835125448,0.9981161284923799,0.9693729949278823,2895,2,53,112,0.7235142118863049
Calibrated Logistic,10,0.92,3062,0.05388634879163945,0.03527106466361855,0.980078380143697,0.9814814814814815,0.6424242424242425,0.7765567765567766,0.9981161284923799,0.9693729949278823,2895,2,59,106,0.6901041666666667
Calibrated Logistic,10,0.93,3062,0.05388634879163945,0.033964728935336384,0.9787720444154148,0.9807692307692307,0.6181818181818182,0.758364312267658,0.9981161284923799,0.9693729949278823,2895,2,63,102,0.6675392670157069
Calibrated Logistic,10,0.94,3062,0.05388634879163945,0.03363814500326584,0.9784454604833442,0.9805825242718447,0.6121212121212121,0.753731343283582,0.9981161284923799,0.9693729949278823,2895,2,64,101,0.6618610747051112
Calibrated Logistic,10,0.95,3062,0.05388634879163945,0.032658393207054215,0.9781188765512737,0.99,0.6,0.7471698113207547,0.9981161284923799,0.9693729949278823,2896,1,66,99,0.6513157894736843
Calibrated Logistic,20,0.05,3062,0.10287393860222077,0.17308948399738733,0.9297844546048334,0.5943396226415094,1.0,0.7455621301775148,0.9972553030434356,0.9764091058349069,2532,215,0,315,0.8798882681564246
Calibrated Logistic,20,0.06,3062,0.10287393860222077,0.16786414108425865,0.9350097975179621,0.6128404669260701,1.0,0.7599517490952955,0.9972553030434356,0.9764091058349069,2548,199,0,315,0.8878241262683202
Calibrated Logistic,20,0.07,3062,0.10287393860222077,0.16394513389941215,0.9389288047028086,0.6274900398406374,1.0,0.7711138310893513,0.9972553030434356,0.9764091058349069,2560,187,0,315,0.8938706015891033
Calibrated Logistic,20,0.08,3062,0.10287393860222077,0.16165904637491835,0.9412148922273024,0.6363636363636364,1.0,0.7777777777777778,0.9972553030434356,0.9764091058349069,2567,180,0,315,0.8974358974358974
Calibrated Logistic,20,0.09,3062,0.10287393860222077,0.15904637491835402,0.9438275636838668,0.6468172484599589,1.0,0.7855361596009975,0.9972553030434356,0.9764091058349069,2575,172,0,315,0.9015455065827132
Calibrated Logistic,20,0.1,3062,0.10287393860222077,0.15610711952971915,0.9467668190725016,0.6589958158995816,1.0,0.7944514501891551,0.9972553030434356,0.9764091058349069,2584,163,0,315,0.9062140391254315
Calibrated Logistic,20,0.11,3062,0.10287393860222077,0.15447419986936642,0.9483997387328543,0.6659619450317125,1.0,0.799492385786802,0.9972553030434356,0.9764091058349069,2589,158,0,315,0.9088286208886325
Calibrated Logistic,20,0.12,3062,0.10287393860222077,0.15153494448073154,0.9513389941214893,0.6788793103448276,1.0,0.8087291399229781,0.9972553030434356,0.9764091058349069,2598,149,0,315,0.9135730858468677
Calibrated Logistic,20,0.13,3062,0.10287393860222077,0.14826910516002612,0.9546048334421946,0.6938325991189427,1.0,0.8192457737321196,0.9972553030434356,0.9764091058349069,2608,139,0,315,0.9189031505250874
Calibrated Logistic,20,0.14,3062,0.10287393860222077,0.14663618549967342,0.9562377531025473,0.7015590200445434,1.0,0.824607329842932,0.9972553030434356,0.9764091058349069,2613,134,0,315,0.9215915740198947
Calibrated Logistic,20,0.15,3062,0.10287393860222077,0.14435009797517961,0.9585238406270411,0.7126696832579186,1.0,0.8322324966974901,0.9972553030434356,0.9764091058349069,2620,127,0,315,0.9253819036427733
Calibrated Logistic,20,0.16,3062,0.10287393860222077,0.14369693011103854,0.9591770084911823,0.7159090909090909,1.0,0.8344370860927153,0.9972553030434356,0.9764091058349069,2622,125,0,315,0.926470588235294
Calibrated Logistic,20,0.17,3062,0.10287393860222077,0.1420640104506858,0.960809928151535,0.7241379310344828,1.0,0.84,0.9972553030434356,0.9764091058349069,2627,120,0,315,0.9292035398230089
Calibrated Logistic,20,0.18,3062,0.10287393860222077,0.14075767472240366,0.9621162638798171,0.7308584686774942,1.0,0.8445040214477212,0.9972553030434356,0.9764091058349069,2631,116,0,315,0.9314015375517445
Calibrated Logistic,20,0.19,3062,0.10287393860222077,0.1394513389941215,0.9627694317439582,0.7353629976580797,0.9968253968253968,0.8463611859838275,0.9972553030434356,0.9764091058349069,2634,113,1,314,0.9306461173681091
Calibrated Logistic,20,0.2,3062,0.10287393860222077,0.1378184193337688,0.9637491835401698,0.7417061611374408,0.9936507936507937,0.8493894165535957,0.9972553030434356,0.9764091058349069,2638,109,2,313,0.9304399524375744
Calibrated Logistic,20,0.21,3062,0.10287393860222077,0.1348791639451339,0.9660352710646636,0.7554479418886199,0.9904761904761905,0.8571428571428571,0.9972553030434356,0.9764091058349069,2646,101,3,312,0.9324566646742379
Calibrated Logistic,20,0.22,3062,0.10287393860222077,0.1342259960809928,0.9666884389288047,0.7591240875912408,0.9904761904761905,0.859504132231405,0.9972553030434356,0.9764091058349069,2648,99,3,312,0.933572710951526
Calibrated Logistic,20,0.23,3062,0.10287393860222077,0.1338994121489223,0.9670150228608753,0.7609756097560976,0.9904761904761905,0.8606896551724138,0.9972553030434356,0.9764091058349069,2649,98,3,312,0.934131736526946
Calibrated Logistic,20,0.24,3062,0.10287393860222077,0.13291966035271063,0.9679947746570868,0.7665847665847666,0.9904761904761905,0.8642659279778393,0.9972553030434356,0.9764091058349069,2652,95,3,312,0.9358128374325134
Calibrated Logistic,20,0.25,3062,0.10287393860222077,0.13226649248856956,0.968647942521228,0.7703703703703704,0.9904761904761905,0.8666666666666667,0.9972553030434356,0.9764091058349069,2654,93,3,312,0.936936936936937
Calibrated Logistic,20,0.26,3062,0.10287393860222077,0.13063357282821686,0.9702808621815807,0.78,0.9904761904761905,0.8727272727272727,0.9972553030434356,0.9764091058349069,2659,88,3,312,0.9397590361445785
Calibrated Logistic,20,0.27,3062,0.10287393860222077,0.1286740692357936,0.9715871979098628,0.7893401015228426,0.9873015873015873,0.8772919605077574,0.9972553030434356,0.9764091058349069,2664,83,4,311,0.9401451027811366
Calibrated Logistic,20,0.28,3062,0.10287393860222077,0.1280209013716525,0.972240365774004,0.7933673469387755,0.9873015873015873,0.8797736916548797,0.9972553030434356,0.9764091058349069,2666,81,4,311,0.9412832929782083
Calibrated Logistic,20,0.29,3062,0.10287393860222077,0.12736773350751143,0.972893533638145,0.7974358974358975,0.9873015873015873,0.8822695035460993,0.9972553030434356,0.9764091058349069,2668,79,4,311,0.9424242424242424
Calibrated Logistic,20,0.3,3062,0.10287393860222077,0.12606139777922926,0.9735467015022861,0.8031088082901554,0.9841269841269841,0.884450784593438,0.9972553030434356,0.9764091058349069,2671,76,5,310,0.9416767922235723
Calibrated Logistic,20,0.31,3062,0.10287393860222077,0.12508164598301763,0.9745264532984977,0.8093994778067886,0.9841269841269841,0.8882521489971347,0.9972553030434356,0.9764091058349069,2674,73,5,310,0.9433962264150942
Calibrated Logistic,20,0.32,3062,0.10287393860222077,0.124101894186806,0.9748530372305683,0.8131578947368421,0.9809523809523809,0.8892086330935252,0.9972553030434356,0.9764091058349069,2676,71,6,309,0.9420731707317073
Calibrated Logistic,20,0.33,3062,0.10287393860222077,0.12312214239059438,0.9758327890267798,0.8196286472148541,0.9809523809523809,0.8930635838150289,0.9972553030434356,0.9764091058349069,2679,68,6,309,0.9437996334758706
Calibrated Logistic,20,0.34,3062,0.10287393860222077,0.12181580666231222,0.977139124755062,0.8284182305630027,0.9809523809523809,0.8982558139534884,0.9972553030434356,0.9764091058349069,2683,64,6,309,0.9461114513165952
Calibrated Logistic,20,0.35,3062,0.10287393860222077,0.12083605486610059,0.9781188765512737,0.8351351351351352,0.9809523809523809,0.9021897810218978,0.9972553030434356,0.9764091058349069,2686,61,6,309,0.9478527607361964
Calibrated Logistic,20,0.36,3062,0.10287393860222077,0.1201828870019595,0.9781188765512737,0.8369565217391305,0.9777777777777777,0.9019033674963397,0.9972553030434356,0.9764091058349069,2687,60,7,308,0.945945945945946
Calibrated Logistic,20,0.37,3062,0.10287393860222077,0.11887655127367734,0.9787720444154148,0.8434065934065934,0.9746031746031746,0.9042709867452136,0.9972553030434356,0.9764091058349069,2690,57,8,307,0.9451970443349754
Calibrated Logistic,20,0.38,3062,0.10287393860222077,0.11822338340953625,0.9787720444154148,0.8453038674033149,0.9714285714285714,0.9039881831610044,0.9972553030434356,0.9764091058349069,2691,56,9,306,0.9432799013563502
Calibrated Logistic,20,0.39,3062,0.10287393860222077,0.11724363161332463,0.9784454604833442,0.8467966573816156,0.9650793650793651,0.9020771513353115,0.9972553030434356,0.9764091058349069,2692,55,11,304,0.9388511426806672
Calibrated Logistic,20,0.4,3062,0.10287393860222077,0.11659046374918354,0.9790986283474853,0.8515406162464986,0.9650793650793651,0.9047619047619048,0.9972553030434356,0.9764091058349069,2694,53,11,304,0.9400123685837972
Calibrated Logistic,20,0.41,3062,0.10287393860222077,0.11593729588504245,0.9797517962116263,0.856338028169014,0.9650793650793651,0.9074626865671642,0.9972553030434356,0.9764091058349069,2696,51,11,304,0.9411764705882353
Calibrated Logistic,20,0.42,3062,0.10287393860222077,0.11593729588504245,0.9797517962116263,0.856338028169014,0.9650793650793651,0.9074626865671642,0.9972553030434356,0.9764091058349069,2696,51,11,304,0.9411764705882353
Calibrated Logistic,20,0.43,3062,0.10287393860222077,0.11528412802090138,0.9797517962116263,0.8583569405099151,0.9619047619047619,0.907185628742515,0.9972553030434356,0.9764091058349069,2697,50,12,303,0.9392436453812774
Calibrated Logistic,20,0.44,3062,0.10287393860222077,0.11463096015676029,0.9804049640757675,0.8632478632478633,0.9619047619047619,0.9099099099099099,0.9972553030434356,0.9764091058349069,2699,48,12,303,0.9404096834264433
Calibrated Logistic,20,0.45,3062,0.10287393860222077,0.1139777922926192,0.9804049640757675,0.8653295128939829,0.9587301587301588,0.9096385542168675,0.9972553030434356,0.9764091058349069,2700,47,13,302,0.9384711000621503
Calibrated Logistic,20,0.46,3062,0.10287393860222077,0.11299804049640758,0.9813847158719791,0.8728323699421965,0.9587301587301588,0.913767019667171,0.9972553030434356,0.9764091058349069,2703,44,13,302,0.9402241594022417
Calibrated Logistic,20,0.47,3062,0.10287393860222077,0.11169170476812541,0.9826910516002613,0.8830409356725146,0.9587301587301588,0.9193302891933028,0.9972553030434356,0.9764091058349069,2707,40,13,302,0.9425717852684146
Calibrated Logistic,20,0.48,3062,0.10287393860222077,0.11103853690398433,0.9820378837361202,0.8823529411764706,0.9523809523809523,0.916030534351145,0.9972553030434356,0.9764091058349069,2707,40,15,300,0.9375
Calibrated Logistic,20,0.49,3062,0.10287393860222077,0.11103853690398433,0.9820378837361202,0.8823529411764706,0.9523809523809523,0.916030534351145,0.9972553030434356,0.9764091058349069,2707,40,15,300,0.9375
Calibrated Logistic,20,0.5,3062,0.10287393860222077,0.11038536903984324,0.9820378837361202,0.8846153846153846,0.9492063492063492,0.9157733537519143,0.9972553030434356,0.9764091058349069,2708,39,16,299,0.9355444305381727
Calibrated Logistic,20,0.51,3062,0.10287393860222077,0.10940561724363161,0.9823644676681907,0.8895522388059701,0.946031746031746,0.916923076923077,0.9972553030434356,0.9764091058349069,2710,37,17,298,0.9341692789968653
Calibrated Logistic,20,0.52,3062,0.10287393860222077,0.10809928151534945,0.9817112998040496,0.8912386706948641,0.9365079365079365,0.913312693498452,0.9972553030434356,0.9764091058349069,2711,36,20,295,0.9270898805782527
Calibrated Logistic,20,0.53,3062,0.10287393860222077,0.10744611365120836,0.9817112998040496,0.8936170212765957,0.9333333333333333,0.9130434782608695,0.9972553030434356,0.9764091058349069,2712,35,21,294,0.9251101321585902
Calibrated Logistic,20,0.54,3062,0.10287393860222077,0.10581319399085565,0.9813847158719791,0.8981481481481481,0.9238095238095239,0.9107981220657277,0.9972553030434356,0.9764091058349069,2714,33,24,291,0.918560606060606
Calibrated Logistic,20,0.55,3062,0.10287393860222077,0.10483344219464402,0.9810581319399085,0.9003115264797508,0.9174603174603174,0.9088050314465409,0.9972553030434356,0.9764091058349069,2715,32,26,289,0.9139784946236559
Calibrated Logistic,20,0.56,3062,0.10287393860222077,0.1038536903984324,0.9813847158719791,0.9056603773584906,0.9142857142857143,0.909952606635071,0.9972553030434356,0.9764091058349069,2717,30,27,288,0.9125475285171101
Calibrated Logistic,20,0.57,3062,0.10287393860222077,0.10320052253429131,0.9813847158719791,0.9082278481012658,0.9111111111111111,0.9096671949286846,0.9972553030434356,0.9764091058349069,2718,29,28,287,0.9105329949238579
Calibrated Logistic,20,0.58,3062,0.10287393860222077,0.10254735467015023,0.9813847158719791,0.910828025477707,0.9079365079365079,0.9093799682034976,0.9972553030434356,0.9764091058349069,2719,28,29,286,0.9085133418043202
Calibrated Logistic,20,0.59,3062,0.10287393860222077,0.10091443500979752,0.9817112998040496,0.919093851132686,0.9015873015873016,0.9102564102564102,0.9972553030434356,0.9764091058349069,2722,25,31,284,0.9050350541746335
Calibrated Logistic,20,0.6,3062,0.10287393860222077,0.0999346832135859,0.9813847158719791,0.9215686274509803,0.8952380952380953,0.9082125603864735,0.9972553030434356,0.9764091058349069,2723,24,33,282,0.900383141762452
Calibrated Logistic,20,0.61,3062,0.10287393860222077,0.09960809928151534,0.9810581319399085,0.921311475409836,0.8920634920634921,0.9064516129032258,0.9972553030434356,0.9764091058349069,2723,24,34,281,0.8977635782747604
Calibrated Logistic,20,0.62,3062,0.10287393860222077,0.09928151534944481,0.980731548007838,0.9210526315789473,0.8888888888888888,0.9046849757673667,0.9972553030434356,0.9764091058349069,2723,24,35,280,0.8951406649616366
Calibrated Logistic,20,0.63,3062,0.10287393860222077,0.09895493141737427,0.9810581319399085,0.9240924092409241,0.8888888888888888,0.9061488673139159,0.9972553030434356,0.9764091058349069,2724,23,35,280,0.8957133717210493
Calibrated Logistic,20,0.64,3062,0.10287393860222077,0.09797517962116264,0.9820378837361202,0.9333333333333333,0.8888888888888888,0.9105691056910569,0.9972553030434356,0.9764091058349069,2727,20,35,280,0.8974358974358975
Calibrated Logistic,20,0.65,3062,0.10287393860222077,0.09732201175702156,0.9820378837361202,0.9362416107382551,0.8857142857142857,0.9102773246329527,0.9972553030434356,0.9764091058349069,2728,19,36,279,0.8953786906290115
Calibrated Logistic,20,0.66,3062,0.10287393860222077,0.09568909209666884,0.9810581319399085,0.9385665529010239,0.873015873015873,0.9046052631578947,0.9972553030434356,0.9764091058349069,2729,18,40,275,0.8853831294269157
Calibrated Logistic,20,0.67,3062,0.10287393860222077,0.09503592423252775,0.9810581319399085,0.9415807560137457,0.8698412698412699,0.9042904290429042,0.9972553030434356,0.9764091058349069,2730,17,41,274,0.8833010960670536
Calibrated Logistic,20,0.68,3062,0.10287393860222077,0.09438275636838668,0.9817112998040496,0.9480968858131488,0.8698412698412699,0.9072847682119205,0.9972553030434356,0.9764091058349069,2732,15,41,274,0.8844415752098129
Calibrated Logistic,20,0.69,3062,0.10287393860222077,0.09372958850424559,0.9810581319399085,0.9477351916376306,0.8634920634920635,0.9036544850498339,0.9972553030434356,0.9764091058349069,2732,15,43,272,0.8791208791208792
Calibrated Logistic,20,0.7,3062,0.10287393860222077,0.09372958850424559,0.9810581319399085,0.9477351916376306,0.8634920634920635,0.9036544850498339,0.9972553030434356,0.9764091058349069,2732,15,43,272,0.8791208791208792
Calibrated Logistic,20,0.71,3062,0.10287393860222077,0.0930764206401045,0.9810581319399085,0.9508771929824561,0.8603174603174604,0.9033333333333333,0.9972553030434356,0.9764091058349069,2733,14,44,271,0.877022653721683
Calibrated Logistic,20,0.72,3062,0.10287393860222077,0.09274983670803397,0.980731548007838,0.9507042253521126,0.8571428571428571,0.9015025041736227,0.9972553030434356,0.9764091058349069,2733,14,45,270,0.8743523316062176
Calibrated Logistic,20,0.73,3062,0.10287393860222077,0.09209666884389288,0.980731548007838,0.9539007092198581,0.8539682539682539,0.9011725293132329,0.9972553030434356,0.9764091058349069,2734,13,46,269,0.8722438391699092
Calibrated Logistic,20,0.74,3062,0.10287393860222077,0.09177008491182234,0.9804049640757675,0.9537366548042705,0.8507936507936508,0.8993288590604027,0.9972553030434356,0.9764091058349069,2734,13,47,268,0.8695652173913044
Calibrated Logistic,20,0.75,3062,0.10287393860222077,0.09046374918354017,0.9797517962116263,0.9566787003610109,0.8412698412698413,0.8952702702702703,0.9972553030434356,0.9764091058349069,2735,12,50,265,0.8620689655172415
Calibrated Logistic,20,0.76,3062,0.10287393860222077,0.08883082952318747,0.9787720444154148,0.9595588235294118,0.8285714285714286,0.889267461669506,0.9972553030434356,0.9764091058349069,2736,11,54,261,0.8518276762402089
Calibrated Logistic,20,0.77,3062,0.10287393860222077,0.08785107772697583,0.9777922926192031,0.9591078066914498,0.819047619047619,0.8835616438356164,0.9972553030434356,0.9764091058349069,2736,11,57,258,0.8436886854153042
Calibrated Logistic,20,0.78,3062,0.10287393860222077,0.08752449379490529,0.9774657086871326,0.9589552238805971,0.8158730158730159,0.8816466552315609,0.9972553030434356,0.9764091058349069,2736,11,58,257,0.8409685863874344
Calibrated Logistic,20,0.79,3062,0.10287393860222077,0.08654474199869366,0.976485956890921,0.9584905660377359,0.8063492063492064,0.8758620689655172,0.9972553030434356,0.9764091058349069,2736,11,61,254,0.8327868852459017
Calibrated Logistic,20,0.8,3062,0.10287393860222077,0.08621815806662313,0.9761593729588505,0.9583333333333334,0.8031746031746032,0.8739205526770294,0.9972553030434356,0.9764091058349069,2736,11,62,253,0.8300524934383202
Calibrated Logistic,20,0.81,3062,0.10287393860222077,0.0852384062704115,0.976485956890921,0.9655172413793104,0.8,0.875,0.9972553030434356,0.9764091058349069,2738,9,63,252,0.8284023668639053
Calibrated Logistic,20,0.82,3062,0.10287393860222077,0.08458523840627041,0.9758327890267798,0.9652509652509652,0.7936507936507936,0.8710801393728222,0.9972553030434356,0.9764091058349069,2738,9,65,250,0.8229098090849242
Calibrated Logistic,20,0.83,3062,0.10287393860222077,0.08197256694970607,0.9732201175702155,0.9641434262948207,0.7682539682539683,0.8551236749116607,0.9972553030434356,0.9764091058349069,2738,9,73,242,0.8007941760423561
Calibrated Logistic,20,0.84,3062,0.10287393860222077,0.08099281515349445,0.972893533638145,0.967741935483871,0.7619047619047619,0.8525754884547069,0.9972553030434356,0.9764091058349069,2739,8,75,240,0.7957559681697612
Calibrated Logistic,20,0.85,3062,0.10287393860222077,0.08001306335728282,0.9719137818419333,0.9673469387755103,0.7523809523809524,0.8464285714285714,0.9972553030434356,0.9764091058349069,2739,8,78,237,0.787375415282392
Calibrated Logistic,20,0.86,3062,0.10287393860222077,0.07707380796864795,0.9702808621815807,0.9745762711864406,0.7301587301587301,0.8348457350272233,0.9972553030434356,0.9764091058349069,2741,6,85,230,0.7687165775401069
Calibrated Logistic,20,0.87,3062,0.10287393860222077,0.07511430437622468,0.9689745264532985,0.9782608695652174,0.7142857142857143,0.8256880733944955,0.9972553030434356,0.9764091058349069,2742,5,90,225,0.7550335570469799
Calibrated Logistic,20,0.88,3062,0.10287393860222077,0.07348138471587198,0.9673416067929458,0.9777777777777777,0.6984126984126984,0.8148148148148148,0.9972553030434356,0.9764091058349069,2742,5,95,220,0.7407407407407407
Calibrated Logistic,20,0.89,3062,0.10287393860222077,0.07250163291966036,0.9663618549967342,0.9774774774774775,0.6888888888888889,0.8081936685288641,0.9972553030434356,0.9764091058349069,2742,5,98,217,0.7321187584345479
Calibrated Logistic,20,0.9,3062,0.10287393860222077,0.07119529719137818,0.965055519268452,0.9770642201834863,0.6761904761904762,0.799249530956848,0.9972553030434356,0.9764091058349069,2742,5,102,213,0.7205683355886332
Calibrated Logistic,20,0.91,3062,0.10287393860222077,0.0705421293272371,0.9644023514043109,0.9768518518518519,0.6698412698412698,0.7947269303201506,0.9972553030434356,0.9764091058349069,2742,5,104,211,0.7147696476964769
Calibrated Logistic,20,0.92,3062,0.10287393860222077,0.0689092096668844,0.9634225996080993,0.981042654028436,0.6571428571428571,0.7870722433460076,0.9972553030434356,0.9764091058349069,2743,4,108,207,0.7036029911624745
Calibrated Logistic,20,0.93,3062,0.10287393860222077,0.06564337034617897,0.961463096015676,0.9900497512437811,0.6317460317460317,0.7713178294573644,0.9972553030434356,0.9764091058349069,2745,2,116,199,0.6810403832991101
Calibrated Logistic,20,0.94,3062,0.10287393860222077,0.06270411495754409,0.9591770084911823,0.9947916666666666,0.6063492063492063,0.7534516765285996,0.9972553030434356,0.9764091058349069,2746,1,124,191,0.6577134986225894
Calibrated Logistic,20,0.95,3062,0.10287393860222077,0.05943827563683867,0.9565643370346179,1.0,0.5777777777777777,0.7323943661971831,0.9972553030434356,0.9764091058349069,2747,0,133,182,0.6310679611650485
Calibrated Logistic,30,0.05,3062,0.1518615284128021,0.2521227955584585,0.8997387328543436,0.6023316062176166,1.0,0.751818916734034,0.9943143660385638,0.9702651070215201,2290,307,0,465,0.8833586626139818
Calibrated Logistic,30,0.06,3062,0.1518615284128021,0.24167210973220118,0.9101894186806009,0.6283783783783784,1.0,0.7717842323651453,0.9943143660385638,0.9702651070215201,2322,275,0,465,0.8942307692307693
Calibrated Logistic,30,0.07,3062,0.1518615284128021,0.2357935989549314,0.9160679294578706,0.6440443213296398,1.0,0.7834877843302444,0.9943143660385638,0.9702651070215201,2340,257,0,465,0.9004647560030984
Calibrated Logistic,30,0.08,3062,0.1518615284128021,0.22991508817766165,0.9219464402351404,0.6605113636363636,1.0,0.795551753635586,0.9943143660385638,0.9702651070215201,2358,239,0,465,0.9067862714508581
Calibrated Logistic,30,0.09,3062,0.1518615284128021,0.22664924885695623,0.9252122795558458,0.670028818443804,1.0,0.8024158757549612,0.9943143660385638,0.9702651070215201,2368,229,0,465,0.9103367267032106
Calibrated Logistic,30,0.1,3062,0.1518615284128021,0.22338340953625083,0.9278249510124101,0.6783625730994152,0.9978494623655914,0.8076588337684943,0.9943143660385638,0.9702651070215201,2377,220,1,464,0.911949685534591
Calibrated Logistic,30,0.11,3062,0.1518615284128021,0.21913781841933377,0.9320705421293273,0.6915052160953801,0.9978494623655914,0.8169014084507042,0.9943143660385638,0.9702651070215201,2390,207,1,464,0.916633741604109
Calibrated Logistic,30,0.12,3062,0.1518615284128021,0.2155453951665578,0.9356629653821033,0.703030303030303,0.9978494623655914,0.8248888888888889,0.9943143660385638,0.9702651070215201,2401,196,1,464,0.9206349206349207
Calibrated Logistic,30,0.13,3062,0.1518615284128021,0.21260613977792292,0.937949052906597,0.7112135176651305,0.9956989247311828,0.8297491039426523,0.9943143660385638,0.9702651070215201,2409,188,2,463,0.9219434488251693
Calibrated Logistic,30,0.14,3062,0.1518615284128021,0.21064663618549967,0.9399085564990203,0.7178294573643411,0.9956989247311828,0.8342342342342343,0.9943143660385638,0.9702651070215201,2415,182,2,463,0.9241516966067865
Calibrated Logistic,30,0.15,3062,0.1518615284128021,0.20868713259307642,0.9418680600914435,0.7245696400625978,0.9956989247311828,0.8387681159420289,0.9943143660385638,0.9702651070215201,2421,176,2,463,0.9263705482192878
Calibrated Logistic,30,0.16,3062,0.1518615284128021,0.205421293272371,0.9451338994121489,0.7360890302066773,0.9956989247311828,0.8464351005484461,0.9943143660385638,0.9702651070215201,2431,166,2,463,0.9300924065889916
Calibrated Logistic,30,0.17,3062,0.1518615284128021,0.20411495754408884,0.9464402351404311,0.7408,0.9956989247311828,0.8495412844036697,0.9943143660385638,0.9702651070215201,2435,162,2,463,0.9315895372233401
Calibrated Logistic,30,0.18,3062,0.1518615284128021,0.20215545395166556,0.9477465708687133,0.7463651050080775,0.9935483870967742,0.8523985239852399,0.9943143660385638,0.9702651070215201,2440,157,3,462,0.9318273497377975
Calibrated Logistic,30,0.19,3062,0.1518615284128021,0.20019595035924231,0.9490529065969955,0.7520391517128875,0.9913978494623656,0.8552875695732839,0.9943143660385638,0.9702651070215201,2445,152,4,461,0.9320663162151235
Calibrated Logistic,30,0.2,3062,0.1518615284128021,0.19856303069888961,0.949379490529066,0.7549342105263158,0.9870967741935484,0.8555452003727866,0.9943143660385638,0.9702651070215201,2448,149,6,459,0.9299027552674232
Calibrated Logistic,30,0.21,3062,0.1518615284128021,0.19660352710646636,0.9513389941214893,0.7624584717607974,0.9870967741935484,0.8603561387066542,0.9943143660385638,0.9702651070215201,2454,143,6,459,0.9321689683184401
Calibrated Logistic,30,0.22,3062,0.1518615284128021,0.19562377531025474,0.9516655780535598,0.7646076794657763,0.9849462365591398,0.8609022556390977,0.9943143660385638,0.9702651070215201,2456,141,7,458,0.931272875152501
Calibrated Logistic,30,0.23,3062,0.1518615284128021,0.19431743958197256,0.9523187459177008,0.7680672268907563,0.9827956989247312,0.8622641509433963,0.9943143660385638,0.9702651070215201,2459,138,8,457,0.930753564154786
Calibrated Logistic,30,0.24,3062,0.1518615284128021,0.1923579359895493,0.9542782495101241,0.7758913412563667,0.9827956989247312,0.8671726755218216,0.9943143660385638,0.9702651070215201,2465,132,8,457,0.9330338913842384
Calibrated Logistic,30,0.25,3062,0.1518615284128021,0.19137818419333769,0.9552580013063358,0.7798634812286689,0.9827956989247312,0.8696479543292103,0.9943143660385638,0.9702651070215201,2468,129,8,457,0.9341782502044155
Calibrated Logistic,30,0.26,3062,0.1518615284128021,0.19039843239712606,0.9562377531025473,0.7838765008576329,0.9827956989247312,0.8721374045801527,0.9943143660385638,0.9702651070215201,2471,126,8,457,0.9353254195661074
Calibrated Logistic,30,0.27,3062,0.1518615284128021,0.18941868060091444,0.957217504898759,0.7879310344827586,0.9827956989247312,0.8746411483253589,0.9943143660385638,0.9702651070215201,2474,123,8,457,0.9364754098360656
Calibrated Logistic,30,0.28,3062,0.1518615284128021,0.18811234487263226,0.957217504898759,0.7899305555555556,0.978494623655914,0.8741594620557157,0.9943143660385638,0.9702651070215201,2476,121,10,455,0.9339080459770115
Calibrated Logistic,30,0.29,3062,0.1518615284128021,0.1868060091443501,0.9578706727629,0.7937062937062938,0.9763440860215054,0.875602700096432,0.9943143660385638,0.9702651070215201,2479,118,11,454,0.9333881578947368
Calibrated Logistic,30,0.3,3062,0.1518615284128021,0.18484650555192683,0.9585238406270411,0.7985865724381626,0.9720430107526882,0.8768186226964112,0.9943143660385638,0.9702651070215201,2483,114,13,452,0.9315746084089035
Calibrated Logistic,30,0.31,3062,0.1518615284128021,0.18256041802743306,0.9595035924232528,0.8050089445438283,0.967741935483871,0.87890625,0.9943143660385638,0.9702651070215201,2488,109,15,450,0.930136420008268
Calibrated Logistic,30,0.32,3062,0.1518615284128021,0.18190725016329196,0.9601567602873938,0.8078994614003591,0.967741935483871,0.8806262230919765,0.9943143660385638,0.9702651070215201,2490,107,15,450,0.9309060819197355
Calibrated Logistic,30,0.33,3062,0.1518615284128021,0.18125408229915088,0.960809928151535,0.8108108108108109,0.967741935483871,0.8823529411764706,0.9943143660385638,0.9702651070215201,2492,105,15,450,0.9316770186335405
Calibrated Logistic,30,0.34,3062,0.1518615284128021,0.18027433050293926,0.9611365120836055,0.8134057971014492,0.9655913978494624,0.8829891838741396,0.9943143660385638,0.9702651070215201,2494,103,16,449,0.9307628524046433
Calibrated Logistic,30,0.35,3062,0.1518615284128021,0.17864141084258656,0.9621162638798171,0.8190127970749543,0.9634408602150538,0.8853754940711462,0.9943143660385638,0.9702651070215201,2498,99,17,448,0.9306190278354798
Calibrated Logistic,30,0.36,3062,0.1518615284128021,0.17864141084258656,0.9621162638798171,0.8190127970749543,0.9634408602150538,0.8853754940711462,0.9943143660385638,0.9702651070215201,2498,99,17,448,0.9306190278354798
Calibrated Logistic,30,0.37,3062,0.1518615284128021,0.17864141084258656,0.9621162638798171,0.8190127970749543,0.9634408602150538,0.8853754940711462,0.9943143660385638,0.9702651070215201,2498,99,17,448,0.9306190278354798
Calibrated Logistic,30,0.38,3062,0.1518615284128021,0.17766165904637493,0.9617896799477466,0.8198529411764706,0.9591397849462365,0.8840436075322101,0.9943143660385638,0.9702651070215201,2499,98,19,446,0.9276206322795343
Calibrated Logistic,30,0.39,3062,0.1518615284128021,0.17668190725016328,0.9627694317439582,0.8243992606284658,0.9591397849462365,0.8866799204771372,0.9943143660385638,0.9702651070215201,2502,95,19,446,0.9287796751353603
Calibrated Logistic,30,0.4,3062,0.1518615284128021,0.17635532331809275,0.9630960156760288,0.825925925925926,0.9591397849462365,0.8875621890547264,0.9943143660385638,0.9702651070215201,2503,94,19,446,0.9291666666666667
Calibrated Logistic,30,0.41,3062,0.1518615284128021,0.1743958197256695,0.9637491835401698,0.8314606741573034,0.9548387096774194,0.8888888888888888,0.9943143660385638,0.9702651070215201,2507,90,21,444,0.9273182957393483
Calibrated Logistic,30,0.42,3062,0.1518615284128021,0.17406923579359895,0.9640757674722403,0.8330206378986866,0.9548387096774194,0.8897795591182365,0.9943143660385638,0.9702651070215201,2508,89,21,444,0.9277058086084411
Calibrated Logistic,30,0.43,3062,0.1518615284128021,0.17276290006531678,0.9640757674722403,0.8355387523629489,0.9505376344086022,0.8893360160965795,0.9943143660385638,0.9702651070215201,2510,87,23,442,0.9250732524068648
Calibrated Logistic,30,0.44,3062,0.1518615284128021,0.1721097322011757,0.9640757674722403,0.8368121442125237,0.9483870967741935,0.8891129032258065,0.9943143660385638,0.9702651070215201,2511,86,24,441,0.9237536656891494
Calibrated Logistic,30,0.45,3062,0.1518615284128021,0.17145656433703463,0.9640757674722403,0.8380952380952381,0.946236559139785,0.8888888888888888,0.9943143660385638,0.9702651070215201,2512,85,25,440,0.9224318658280924
Calibrated Logistic,30,0.46,3062,0.1518615284128021,0.17015022860875245,0.9634225996080993,0.8387715930902111,0.9397849462365592,0.8864097363083164,0.9943143660385638,0.9702651070215201,2513,84,28,437,0.9176816463670727
Calibrated Logistic,30,0.47,3062,0.1518615284128021,0.16949706074461138,0.9634225996080993,0.8400770712909441,0.9376344086021505,0.8861788617886179,0.9943143660385638,0.9702651070215201,2514,83,29,436,0.9163514081546869
Calibrated Logistic,30,0.48,3062,0.1518615284128021,0.16917047681254083,0.9637491835401698,0.8416988416988417,0.9376344086021505,0.8870803662258393,0.9943143660385638,0.9702651070215201,2515,82,29,436,0.9167367535744322
Calibrated Logistic,30,0.49,3062,0.1518615284128021,0.16851730894839975,0.9637491835401698,0.8430232558139535,0.9354838709677419,0.8868501529051988,0.9943143660385638,0.9702651070215201,2516,81,30,435,0.9154040404040403
Calibrated Logistic,30,0.5,3062,0.1518615284128021,0.16786414108425865,0.9637491835401698,0.8443579766536965,0.9333333333333333,0.8866189989785496,0.9943143660385638,0.9702651070215201,2517,80,31,434,0.9140690817186184
Calibrated Logistic,30,0.51,3062,0.1518615284128021,0.16721097322011758,0.9637491835401698,0.845703125,0.9311827956989247,0.8863868986693961,0.9943143660385638,0.9702651070215201,2518,79,32,433,0.9127318718381112
Calibrated Logistic,30,0.52,3062,0.1518615284128021,0.16525146962769433,0.9657086871325931,0.8557312252964426,0.9311827956989247,0.8918640576725025,0.9943143660385638,0.9702651070215201,2524,73,32,433,0.9150464919695689
Calibrated Logistic,30,0.53,3062,0.1518615284128021,0.16394513389941215,0.9663618549967342,0.8605577689243028,0.9290322580645162,0.8934850051706308,0.9943143660385638,0.9702651070215201,2527,70,33,432,0.9144792548687553
Calibrated Logistic,30,0.54,3062,0.1518615284128021,0.1636185499673416,0.9660352710646636,0.8602794411177644,0.9268817204301075,0.8923395445134575,0.9943143660385638,0.9702651070215201,2527,70,34,431,0.9127488352393053
Calibrated Logistic,30,0.55,3062,0.1518615284128021,0.16231221423905945,0.9666884389288047,0.8651911468812877,0.9247311827956989,0.893970893970894,0.9943143660385638,0.9702651070215201,2530,67,35,430,0.9121764955451847
Calibrated Logistic,30,0.56,3062,0.1518615284128021,0.16165904637491835,0.9673416067929458,0.8686868686868687,0.9247311827956989,0.8958333333333334,0.9943143660385638,0.9702651070215201,2532,65,35,430,0.9129511677282378
Calibrated Logistic,30,0.57,3062,0.1518615284128021,0.1603527106466362,0.9673416067929458,0.8716904276985743,0.9204301075268817,0.895397489539749,0.9943143660385638,0.9702651070215201,2534,63,37,428,0.9102509570395576
Calibrated Logistic,30,0.58,3062,0.1518615284128021,0.15839320705421292,0.9679947746570868,0.8783505154639175,0.9161290322580645,0.8968421052631579,0.9943143660385638,0.9702651070215201,2538,59,39,426,0.9083155650319832
Calibrated Logistic,30,0.59,3062,0.1518615284128021,0.1580666231221424,0.9683213585891575,0.8801652892561983,0.9161290322580645,0.8977871443624869,0.9943143660385638,0.9702651070215201,2539,58,39,426,0.9087030716723549
Calibrated Logistic,30,0.6,3062,0.1518615284128021,0.1574134552580013,0.9683213585891575,0.8817427385892116,0.9139784946236559,0.8975712777191129,0.9943143660385638,0.9702651070215201,2540,57,40,425,0.9073441502988899
Calibrated Logistic,30,0.61,3062,0.1518615284128021,0.1557805355976486,0.969301110385369,0.8888888888888888,0.9118279569892473,0.9002123142250531,0.9943143660385638,0.9702651070215201,2544,53,41,424,0.9071459135643989
Calibrated Logistic,30,0.62,3062,0.1518615284128021,0.1534944480731548,0.9683213585891575,0.8914893617021277,0.9010752688172043,0.8962566844919786,0.9943143660385638,0.9702651070215201,2546,51,46,419,0.8991416309012876
Calibrated Logistic,30,0.63,3062,0.1518615284128021,0.15218811234487264,0.9670150228608753,0.8905579399141631,0.8924731182795699,0.8915145005370569,0.9943143660385638,0.9702651070215201,2546,51,50,415,0.8920894239036974
Calibrated Logistic,30,0.64,3062,0.1518615284128021,0.1518615284128021,0.9666884389288047,0.8903225806451613,0.8903225806451613,0.8903225806451613,0.9943143660385638,0.9702651070215201,2546,51,51,414,0.8903225806451613
Calibrated Logistic,30,0.65,3062,0.1518615284128021,0.15088177661659047,0.9657086871325931,0.8896103896103896,0.8838709677419355,0.8867313915857605,0.9943143660385638,0.9702651070215201,2546,51,54,411,0.8850129198966409
Calibrated Logistic,30,0.66,3062,0.1518615284128021,0.1495754408883083,0.965055519268452,0.8908296943231441,0.8774193548387097,0.8840736728060672,0.9943143660385638,0.9702651070215201,2547,50,57,408,0.8800690250215705
Calibrated Logistic,30,0.67,3062,0.1518615284128021,0.14826910516002612,0.965055519268452,0.8942731277533039,0.8731182795698925,0.8835690968443961,0.9943143660385638,0.9702651070215201,2549,48,59,406,0.877268798617113
Calibrated Logistic,30,0.68,3062,0.1518615284128021,0.14630960156760286,0.9644023514043109,0.8973214285714286,0.864516129032258,0.8806133625410734,0.9943143660385638,0.9702651070215201,2551,46,63,402,0.8708838821490469
Calibrated Logistic,30,0.69,3062,0.1518615284128021,0.14435009797517961,0.9644023514043109,0.9027149321266968,0.8580645161290322,0.8798235942668137,0.9943143660385638,0.9702651070215201,2554,43,66,399,0.866637706342311
Calibrated Logistic,30,0.7,3062,0.1518615284128021,0.14271717831482691,0.9647289353363815,0.9084668192219679,0.853763440860215,0.8802660753880266,0.9943143660385638,0.9702651070215201,2557,40,68,397,0.8641706573791902
Calibrated Logistic,30,0.71,3062,0.1518615284128021,0.14141084258654474,0.9634225996080993,0.9076212471131639,0.8451612903225807,0.8752783964365256,0.9943143660385638,0.9702651070215201,2557,40,72,393,0.8569559529001308
Calibrated Logistic,30,0.72,3062,0.1518615284128021,0.1394513389941215,0.9621162638798171,0.9086651053864169,0.8344086021505376,0.8699551569506726,0.9943143660385638,0.9702651070215201,2558,39,77,388,0.8482728465238302
Calibrated Logistic,30,0.73,3062,0.1518615284128021,0.1378184193337688,0.9624428478118876,0.9146919431279621,0.8301075268817204,0.8703494926719278,0.9943143660385638,0.9702651070215201,2561,36,79,386,0.845749342681858
Calibrated Logistic,30,0.74,3062,0.1518615284128021,0.13716525146962769,0.9624428478118876,0.9166666666666666,0.8279569892473119,0.8700564971751412,0.9943143660385638,0.9702651070215201,2562,35,80,385,0.8442982456140351
Calibrated Logistic,30,0.75,3062,0.1518615284128021,0.1365120836054866,0.9630960156760288,0.9210526315789473,0.8279569892473119,0.8720271800679502,0.9943143660385638,0.9702651070215201,2564,33,80,385,0.8450395083406496
Calibrated Logistic,30,0.76,3062,0.1518615284128021,0.1348791639451339,0.9647289353363815,0.9322033898305084,0.8279569892473119,0.876993166287016,0.9943143660385638,0.9702651070215201,2569,28,80,385,0.8468983721953366
Calibrated Logistic,30,0.77,3062,0.1518615284128021,0.1338994121489223,0.9644023514043109,0.9341463414634147,0.8236559139784946,0.8754285714285714,0.9943143660385638,0.9702651070215201,2570,27,82,383,0.8436123348017621
Calibrated Logistic,30,0.78,3062,0.1518615284128021,0.131939908556499,0.965055519268452,0.943069306930693,0.8193548387096774,0.8768699654775605,0.9943143660385638,0.9702651070215201,2574,23,84,381,0.8414310954063603
Calibrated Logistic,30,0.79,3062,0.1518615284128021,0.13063357282821686,0.965055519268452,0.9475,0.8150537634408602,0.8763005780346821,0.9943143660385638,0.9702651070215201,2576,21,86,379,0.8384955752212389
Calibrated Logistic,30,0.8,3062,0.1518615284128021,0.12769431743958198,0.9640757674722403,0.9539641943734015,0.8021505376344086,0.8714953271028038,0.9943143660385638,0.9702651070215201,2579,18,92,373,0.8285206574855619
Calibrated Logistic,30,0.81,3062,0.1518615284128021,0.12606139777922926,0.9630960156760288,0.9559585492227979,0.7935483870967742,0.8672150411280846,0.9943143660385638,0.9702651070215201,2580,17,96,369,0.8214603739982193
Calibrated Logistic,30,0.82,3062,0.1518615284128021,0.12540822991508818,0.9624428478118876,0.9557291666666666,0.789247311827957,0.8645465253239105,0.9943143660385638,0.9702651070215201,2580,17,98,367,0.8177361853832442
Calibrated Logistic,30,0.83,3062,0.1518615284128021,0.12442847811887656,0.9621162638798171,0.958005249343832,0.7849462365591398,0.8628841607565012,0.9943143660385638,0.9702651070215201,2581,16,100,365,0.8143685854529227
Calibrated Logistic,30,0.84,3062,0.1518615284128021,0.12214239059438275,0.9604833442194644,0.9598930481283422,0.7720430107526882,0.8557806912991657,0.9943143660385638,0.9702651070215201,2582,15,106,359,0.8034914950760966
Calibrated Logistic,30,0.85,3062,0.1518615284128021,0.1201828870019595,0.9598301763553233,0.9646739130434783,0.7634408602150538,0.8523409363745498,0.9943143660385638,0.9702651070215201,2584,13,110,355,0.7966786355475762
Calibrated Logistic,30,0.86,3062,0.1518615284128021,0.11887655127367734,0.9591770084911823,0.967032967032967,0.7569892473118279,0.8492159227985525,0.9943143660385638,0.9702651070215201,2585,12,113,352,0.79136690647482
Calibrated Logistic,30,0.87,3062,0.1518615284128021,0.11561071195297191,0.9585238406270411,0.9774011299435028,0.7440860215053764,0.8449328449328449,0.9943143660385638,0.9702651070215201,2589,8,119,346,0.7813911472448059
Calibrated Logistic,30,0.88,3062,0.1518615284128021,0.11365120836054866,0.9578706727629,0.9827586206896551,0.7354838709677419,0.8413284132841329,0.9943143660385638,0.9702651070215201,2591,6,123,342,0.7744565217391304
Calibrated Logistic,30,0.89,3062,0.1518615284128021,0.11103853690398433,0.9565643370346179,0.9882352941176471,0.7225806451612903,0.8347826086956521,0.9943143660385638,0.9702651070215201,2593,4,129,336,0.7636363636363636
Calibrated Logistic,30,0.9,3062,0.1518615284128021,0.10809928151534945,0.9542782495101241,0.9909365558912386,0.7053763440860215,0.8241206030150754,0.9943143660385638,0.9702651070215201,2594,3,137,328,0.74851665905979
Calibrated Logistic,30,0.91,3062,0.1518615284128021,0.10679294578706727,0.952971913781842,0.9908256880733946,0.6967741935483871,0.8181818181818182,0.9943143660385638,0.9702651070215201,2594,3,141,324,0.7407407407407408
Calibrated Logistic,30,0.92,3062,0.1518615284128021,0.10581319399085565,0.9519921619856303,0.9907407407407407,0.6903225806451613,0.8136882129277566,0.9943143660385638,0.9702651070215201,2594,3,144,321,0.7348901098901098
Calibrated Logistic,30,0.93,3062,0.1518615284128021,0.1038536903984324,0.950032658393207,0.9905660377358491,0.6774193548387096,0.8045977011494253,0.9943143660385638,0.9702651070215201,2594,3,150,315,0.7231404958677685
Calibrated Logistic,30,0.94,3062,0.1518615284128021,0.10156760287393861,0.9483997387328543,0.9935691318327974,0.6645161290322581,0.7963917525773195,0.9943143660385638,0.9702651070215201,2595,2,156,309,0.7116536158452327
Calibrated Logistic,30,0.95,3062,0.1518615284128021,0.09928151534944481,0.9461136512083606,0.993421052631579,0.6494623655913978,0.7854356306892067,0.9943143660385638,0.9702651070215201,2595,2,163,302,0.6977818853974121
