Horizon,Split,Samples,Positive samples,Negative samples,Positive rate,Engines
10,Train,17406,770,16636,0.044237619211766055,70
10,Validation,3688,165,3523,0.04473969631236443,15
10,Internal test — not evaluated,3626,165,3461,0.04550468836183122,15
20,Train,17406,1470,15936,0.08445363667700793,70
20,Validation,3688,315,3373,0.08541214750542299,15
20,Internal test — not evaluated,3626,315,3311,0.08687258687258688,15
30,Train,17406,2170,15236,0.1246696541422498,70
30,Validation,3688,465,3223,0.12608459869848157,15
30,Internal test — not evaluated,3626,465,3161,0.12824048538334254,15
