Candidate,Safety offset,MAE,RMSE,R2,NASA Score,Near-failure MAE,Late prediction rate,Maximum overprediction,Mean residual
Ridge — Temporal | alpha=1000,0.0,48.72712811804054,64.44764938772909,0.6630105045934523,1357809674.9781766,14.8734337974898,0.5479934924078091,198.89491746025487,-0.4591529845138448
Ridge — Temporal | alpha=1000,2.0,48.455411296768084,64.46800078540063,0.6627976406598262,1164618220.892762,14.07976223846372,0.5287418655097614,196.89491746025487,-2.3425070905350545
Ridge — Temporal | alpha=1000,4.0,48.257149322888374,64.54604794715767,0.6619806890773818,1015250680.0473473,13.394615718437416,0.5119305856832972,194.89491746025487,-4.2224288620548105
Ridge — Temporal | alpha=1000,6.0,48.11369780356221,64.68060808581947,0.6605698719223279,903227341.030102,12.76198311059012,0.49647505422993493,192.89491746025487,-6.0971129576322465
Ridge — Temporal | alpha=1000,8.0,48.023672042797976,64.87106866639967,0.6585679352199915,823486610.4116861,12.168077918558875,0.4823752711496746,190.89491746025487,-7.965572981359937
Ridge — Temporal | alpha=1000,10.0,47.988309862016806,65.11666911815313,0.655977732551009,772168422.7125297,11.657136495937001,0.46800433839479394,188.89491746025487,-9.828207673898076
Ridge — Temporal | alpha=1000,12.0,48.00335001243022,65.41607524787479,0.6528068339394664,746443671.330231,11.200895298056585,0.4514642082429501,186.89491746025487,-11.683945121386406
Ridge — Temporal | alpha=1000,14.0,48.07471802435221,65.76761313656489,0.6490652613346755,744382409.0201428,10.807656321592367,0.43627982646420826,184.89491746025487,-13.532016633307045
Ridge — Temporal | alpha=1000,16.0,48.1988794898503,66.17051329859758,0.6447523557169395,764855153.5333202,10.492531601900884,0.4197396963123644,182.89491746025487,-15.37415964361613
Ridge — Temporal | alpha=1000,18.0,48.38958197575543,66.62334840531497,0.6398734740033998,807462672.636855,10.290856974575675,0.40536876355748375,180.89491746025487,-17.211296702861663
Ridge — Temporal | alpha=1000,20.0,48.63112973454337,67.12447555743267,0.6344355033586577,872491007.802799,10.185338234383632,0.3896420824295011,178.89491746025487,-19.042990043347586
Ridge — Temporal | alpha=1000,22.0,48.935448090071745,67.67247072539594,0.6284423004401967,960889298.7097166,10.183134502882089,0.37445770065075923,176.89491746025487,-20.86740283213557
Ridge — Temporal | alpha=1000,24.0,49.28953992338334,68.26495438047124,0.6219077214387116,1074268366.0796542,10.223675678197743,0.35683297180043383,174.89491746025487,-22.68217981673282
Ridge — Temporal | alpha=1000,26.0,49.690239145235104,68.90030116728114,0.6148371070223706,1214919486.8869572,10.320950466121072,0.34490238611713664,172.89491746025487,-24.487084324107176
Ridge — Temporal | alpha=1000,28.0,50.13758450458183,69.57767973186357,0.6072265863211417,1385852695.3081615,10.464653621297687,0.3294468546637744,170.89491746025487,-26.2848286501881
Ridge — Temporal | alpha=1000,30.0,50.64840848725396,70.29568745543163,0.5990782987962131,1590855315.9253457,10.687928284196303,0.3099240780911063,168.89491746025487,-28.07475996060061
Ridge — Temporal | alpha=1000,32.0,51.22330805964052,71.05288539735805,0.590394633964866,1834570825.817482,10.99203900607842,0.294468546637744,166.89491746025487,-29.857417022098545
Ridge — Temporal | alpha=1000,34.0,51.85011637920176,71.84738941340903,0.581183112671095,2122600318.7112682,11.31095018949104,0.28009761388286336,164.89491746025487,-31.6306060598357
Ridge — Temporal | alpha=1000,36.0,52.52512671336929,72.67754134436417,0.5714488614125856,2461628176.620607,11.657277248420645,0.26572668112798264,162.89491746025487,-33.39585441955543
Ridge — Temporal | alpha=1000,38.0,53.241816136518494,73.54005875910833,0.5612166448444965,2859574509.8022766,11.999331289059477,0.25379609544468545,160.89491746025487,-35.150479420978435
Ridge — Temporal | alpha=1000,40.0,53.987376081941505,74.4305662734829,0.5505257195113982,3325778461.6840096,12.29943762691976,0.24349240780911063,158.89491746025487,-36.88964690482532
Ridge — Temporal | alpha=1000,42.0,54.7649751497431,75.351591906195,0.5393330417492043,3871216144.0129237,12.590930891730578,0.23210412147505424,156.89491746025487,-38.61969292753618
Ridge — Temporal | alpha=1000,44.0,55.58398346641666,76.30278978318103,0.5276292109507497,4508757097.120207,12.876668591124817,0.21936008676789587,154.89491746025487,-40.34183130417938
Ridge — Temporal | alpha=1000,46.0,56.437168089247876,77.2839812029396,0.5154024970170574,5253467281.687203,13.157702900440663,0.21122559652928416,152.89491746025487,-42.056800357624134
Ridge — Temporal | alpha=1000,48.0,57.31191764087139,78.29281795890643,0.5026684066180349,6122963619.253675,13.392916048161828,0.20336225596529284,150.89491746025487,-43.76218098181516
Ridge — Temporal | alpha=1000,50.0,58.21524690914618,79.32912733089198,0.48941558634427373,7137830283.960484,13.606993289263679,0.19468546637744036,148.89491746025487,-45.46154360592677
Ridge — Temporal | alpha=1000,52.0,59.14425142455904,80.38863129392868,0.4756859829483381,8322105598.951692,13.796543051821752,0.1851952277657267,146.89491746025487,-47.1491921041205
Ridge — Temporal | alpha=1000,54.0,60.09335227165319,81.47005364010654,0.4614845049090178,9703850668.262121,13.957614840595413,0.17760303687635576,144.89491746025487,-48.82523671875939
Ridge — Temporal | alpha=1000,56.0,61.06444449844378,82.57246071255754,0.44681212351119703,11315814140.596811,14.107464240680548,0.1702819956616052,142.89491746025487,-50.4909426418244
Ridge — Temporal | alpha=1000,58.0,62.0508773800852,83.69471730961395,0.43167299441473983,13196208014.954967,14.23018457628133,0.16404555314533623,140.89491746025487,-52.14612212970465
Ridge — Temporal | alpha=1000,60.0,63.05667490093292,84.83652294230703,0.41606041007229644,15389613397.260477,14.330315549287112,0.1564533622559653,138.89491746025487,-53.79164244628858
Ridge — Temporal | alpha=1000,62.0,64.07839758399416,85.9966561071261,0.39998055002350086,17948036432.694084,14.425260195951235,0.1504880694143167,136.89491746025487,-55.428373457588826
Ridge — Temporal | alpha=1000,64.0,65.11628345885131,87.17396726900309,0.38343932455601826,20932141776.743977,14.512195839916172,0.1442516268980477,134.89491746025487,-57.057177657447085
Ridge — Temporal | alpha=1000,66.0,66.17161823568374,88.36778773722378,0.3664364771893962,24412691482.707573,14.578517490111242,0.13828633405639915,132.89491746025487,-58.677096211228
Ridge — Temporal | alpha=1000,68.0,67.25118815853402,89.57791040156167,0.3489654239228309,28472222123.402637,14.643223066896963,0.12825379609544468,130.89491746025487,-60.29005279229419
Ridge — Temporal | alpha=1000,70.0,68.36308727550505,90.80258105040377,0.3310424086514472,33207002030.411995,14.702863766196367,0.11686550976138829,128.89491746025487,-61.894063080132334
Ridge — Temporal | alpha=1000,72.0,69.50983465281578,92.04140311192887,0.31266468120257507,38729314053.959564,14.754007774117696,0.10818872017353579,126.89491746025487,-63.49019534113386
Ridge — Temporal | alpha=1000,74.0,70.67706654526698,93.29089378318652,0.29387643140190534,45170117451.03955,14.792368315608362,0.10113882863340563,124.89491746025487,-65.07516894055676
Ridge — Temporal | alpha=1000,76.0,71.86494941687876,94.55138922415891,0.2746660124299708,52682155185.947105,14.824544541994136,0.09354663774403471,122.89491746025487,-66.65021138537784
Ridge — Temporal | alpha=1000,78.0,73.0615214513734,95.81962981708904,0.2550773544313101,61443575876.92708,14.854652068875858,0.08703904555314533,120.89491746025487,-68.21110903065954
Ridge — Temporal | alpha=1000,80.0,74.27090905948735,97.0948188919462,0.23511822754833067,71662154943.80324,14.87863773701618,0.08107375271149675,118.89491746025487,-69.75857394344982
Ridge — Temporal | alpha=1000,82.0,75.48806404594512,98.37776918204781,0.21477134435254175,83580228920.15292,14.900143113360267,0.07781995661605207,116.89491746025487,-71.29362175762382
Ridge — Temporal | alpha=1000,84.0,76.70609180411955,99.66699319762927,0.19405591458266302,97480436438.35164,14.921648489704353,0.07456616052060737,114.89491746025487,-72.81621550136495
Ridge — Temporal | alpha=1000,86.0,77.92919375288254,100.96218725026154,0.17297297616508,113692424232.45712,14.943153866048439,0.06995661605206074,112.89491746025487,-74.32689263129224
Ridge — Temporal | alpha=1000,88.0,79.15739417496937,102.26476918075797,0.15149523708888124,132600664332.31679,14.958620612101281,0.06643167028199566,110.89491746025487,-75.82902665756609
Ridge — Temporal | alpha=1000,90.0,80.39336329501906,103.57462169123657,0.12961998409818054,154653570322.9166,14.971523837907734,0.062093275488069415,108.89491746025487,-77.32364115296647
Ridge — Temporal | alpha=1000,92.0,81.63559017027741,104.8890590066414,0.10738829395166505,180374135242.66882,14.984108100120778,0.05775488069414317,106.89491746025487,-78.80666277306497
Ridge — Temporal | alpha=1000,94.0,82.88355721397662,106.2066041685208,0.08482268689954431,210372325321.4322,14.992710250658414,0.05341648590021692,104.89491746025487,-80.27810047101669
Ridge — Temporal | alpha=1000,96.0,84.13937415799504,107.52895822204982,0.061891489194726645,245359562565.00565,14.999874330785515,0.049078091106290675,102.89491746025487,-81.74023943417218
Ridge — Temporal | alpha=1000,98.0,85.40224392011943,108.8532028924222,0.03864315246732708,286165571733.811,15.0,0.04473969631236443,100.89491746025487,-83.18982761911373
Ridge — Temporal | alpha=1000,100.0,86.66758498405821,110.17901210792027,0.015082287619364254,333758076077.4704,15.0,0.042841648590021694,98.89491746025487,-84.62819843311506
"Polynomial Ridge — Current Cycle | degree=2, alpha=0.01",0.0,46.22234602430499,61.17724019110698,0.696343933308726,1411904784.1372554,15.950480549509198,0.6057483731019523,204.07518934675454,3.9651517290403184
"Polynomial Ridge — Current Cycle | degree=2, alpha=0.01",2.0,45.79633924414542,61.07335698567004,0.6973743159431085,1246641300.7209458,15.357172408226218,0.5892082429501084,202.07518934675454,2.0055107333893094
"Polynomial Ridge — Current Cycle | degree=2, alpha=0.01",4.0,45.4240147559843,61.03189902222258,0.6977850346863027,1126414818.8622599,14.896174569209492,0.5745661605206074,200.07518934675454,0.05483198491584199
"Polynomial Ridge — Current Cycle | degree=2, alpha=0.01",6.0,45.09524502296138,61.05210000546274,0.6975849409680241,1045569454.4889649,14.492598419533383,0.5580260303687635,198.07518934675454,-1.8843795530661527
"Polynomial Ridge — Current Cycle | degree=2, alpha=0.01",8.0,44.82628929197485,61.13320536100306,0.696780913824434,999891668.4573166,14.12541578764327,0.5393167028199566,196.07518934675454,-3.811204373821735
"Polynomial Ridge — Current Cycle | degree=2, alpha=0.01",10.0,44.60822985033611,61.27446401004848,0.6953780165316688,986418168.962845,13.775652855855354,0.5260303687635575,194.07518934675454,-5.724604154004021
"Polynomial Ridge — Current Cycle | degree=2, alpha=0.01",12.0,44.443067613144336,61.474735204522915,0.693383492124242,1003290191.5111129,13.454442749707866,0.5067787418655098,192.07518934675454,-7.62679721990649
"Polynomial Ridge — Current Cycle | degree=2, alpha=0.01",14.0,44.35054978446318,61.73345899214593,0.6907971965747703,1049647651.274287,13.161885972158094,0.48590021691973967,190.07518934675454,-9.519444995797219
"Polynomial Ridge — Current Cycle | degree=2, alpha=0.01",16.0,44.33497885886568,62.04952354536369,0.6876229626082623,1125558151.565711,12.916599606013689,0.46637744034707157,188.07518934675454,-11.403163998626063
"Polynomial Ridge — Current Cycle | degree=2, alpha=0.01",18.0,44.38812192014294,62.42156070736411,0.6838658259232411,1231977177.854688,12.747390738477682,0.4463123644251627,186.07518934675454,-13.279526533285024
"Polynomial Ridge — Current Cycle | degree=2, alpha=0.01",20.0,44.51676115897882,62.848221019915485,0.6795294116278416,1370736874.436765,12.6379018189305,0.42462039045553146,184.07518934675454,-15.146832968043858
"Polynomial Ridge — Current Cycle | degree=2, alpha=0.01",22.0,44.72254312975199,63.327737222374004,0.6746205352249137,1544561722.7275138,12.580043618081444,0.3975054229934924,182.07518934675454,-17.00453744680902
"Polynomial Ridge — Current Cycle | degree=2, alpha=0.01",24.0,45.017242158899414,63.858637496995705,0.6691421100033208,1757110434.0551696,12.575931134054828,0.38015184381778744,180.07518934675454,-18.85350441228408
"Polynomial Ridge — Current Cycle | degree=2, alpha=0.01",26.0,45.37259376416911,64.43950883568785,0.6630956312751943,2013044091.5180314,12.617887440041587,0.3614425162689805,178.07518934675454,-20.693916217553134
"Polynomial Ridge — Current Cycle | degree=2, alpha=0.01",28.0,45.80500051975376,65.0697293171769,0.6564735354433859,2318121497.132037,12.696193505646097,0.34191973969631234,176.07518934675454,-22.528531085661836
"Polynomial Ridge — Current Cycle | degree=2, alpha=0.01",30.0,46.296939776208916,65.7473424235786,0.6492815562781306,2679323229.3736496,12.785897834208239,0.3261930585683297,174.07518934675454,-24.356441669744505
"Polynomial Ridge — Current Cycle | degree=2, alpha=0.01",32.0,46.843825432462666,66.46910688741343,0.6415390211359051,3105006990.475958,12.928938298686854,0.30856832971800435,172.07518934675454,-26.174235715939524
"Polynomial Ridge — Current Cycle | degree=2, alpha=0.01",34.0,47.4469272990246,67.2329996352661,0.6332524886676254,3605097459.2935514,13.088776731105694,0.2933839479392625,170.07518934675454,-27.981010615624964
"Polynomial Ridge — Current Cycle | degree=2, alpha=0.01",36.0,48.09623972576262,68.03702998610378,0.6244282706884356,4191314818.3312025,13.220357394028373,0.2787418655097614,168.07518934675454,-29.77555541172081
"Polynomial Ridge — Current Cycle | degree=2, alpha=0.01",38.0,48.79466411701452,68.87944648975746,0.6150702332109138,4877447080.055012,13.328773830010569,0.2662689804772234,166.07518934675454,-31.560067694995478
"Polynomial Ridge — Current Cycle | degree=2, alpha=0.01",40.0,49.52862079723862,69.75707473961589,0.6051985673679872,5679672476.889519,13.433242543644957,0.25352494577006507,164.07518934675454,-33.33360728777001
"Polynomial Ridge — Current Cycle | degree=2, alpha=0.01",42.0,50.298855747206694,70.66781835237362,0.594822269374589,6616939425.961346,13.544483978354693,0.24078091106290672,162.07518934675454,-35.094721029892774
"Polynomial Ridge — Current Cycle | degree=2, alpha=0.01",44.0,51.10742492140574,71.6086444287953,0.5839618997847765,7711412766.47832,13.67947762751548,0.22803687635574837,160.07518934675454,-36.84169879319174
"Polynomial Ridge — Current Cycle | degree=2, alpha=0.01",46.0,51.95368475706445,72.57844268574932,0.5726167569752586,8988996921.205069,13.807604391896243,0.21746203904555314,158.07518934675454,-38.575336126338776
"Polynomial Ridge — Current Cycle | degree=2, alpha=0.01",48.0,52.82728720560064,73.5759891835208,0.5607877759025386,10479948186.838474,13.943020814673849,0.2068872017353579,156.07518934675454,-40.296971166618825
"Polynomial Ridge — Current Cycle | degree=2, alpha=0.01",50.0,53.74193476551419,74.60138815216305,0.5484602200296532,12219590569.957428,14.109227711094206,0.19414316702819956,154.07518934675454,-42.00834028234151
"Polynomial Ridge — Current Cycle | degree=2, alpha=0.01",52.0,54.68305408212209,75.65038005412681,0.5356724762286978,14249151848.254826,14.272278622843395,0.18383947939262474,152.07518934675454,-43.70493897491306
"Polynomial Ridge — Current Cycle | degree=2, alpha=0.01",54.0,55.64846339300155,76.72158304370248,0.5224297000634411,16616740707.201534,14.400655940321116,0.1735357917570499,150.07518934675454,-45.38737425189175
"Polynomial Ridge — Current Cycle | degree=2, alpha=0.01",56.0,56.64956626913768,77.81484869324412,0.5087221834013442,19378486416.899857,14.50820075465454,0.16268980477223427,148.07518934675454,-47.05764413579926
"Polynomial Ridge — Current Cycle | degree=2, alpha=0.01",58.0,57.674810729333636,78.92927887808744,0.4945496873340799,22599869266.970314,14.604438249634425,0.153470715835141,146.07518934675454,-48.717186706520366
"Polynomial Ridge — Current Cycle | degree=2, alpha=0.01",60.0,58.718524472723836,80.0612133767561,0.4799482822414247,26357272614.39583,14.665949790775024,0.14642082429501085,144.07518934675454,-50.36184724053887
"Polynomial Ridge — Current Cycle | degree=2, alpha=0.01",62.0,59.780652852419585,81.20776576937935,0.4649463589200198,30739792797.927666,14.724130884909654,0.136117136659436,142.07518934675454,-51.99208787832464
"Polynomial Ridge — Current Cycle | degree=2, alpha=0.01",64.0,60.87020355791935,82.37165001494454,0.44949948357096137,35851355028.570755,14.781094392357701,0.1309652928416486,140.07518934675454,-53.61280210151973
"Polynomial Ridge — Current Cycle | degree=2, alpha=0.01",66.0,61.979704651118105,83.55130041891651,0.4336190636536381,41813174938.38859,14.825212666043022,0.12066160520607375,138.07518934675454,-55.22347716742565
"Polynomial Ridge — Current Cycle | degree=2, alpha=0.01",68.0,63.1111425320057,84.74522001304214,0.4173166309457238,48766633564.036865,14.864194401812714,0.11306941431670282,136.07518934675454,-56.82252572493936
"Polynomial Ridge — Current Cycle | degree=2, alpha=0.01",70.0,64.25938646049238,85.95249325720495,0.40059666153437057,56876629424.67052,14.893567961587443,0.10764642082429501,134.07518934675454,-58.409632101067295
"Polynomial Ridge — Current Cycle | degree=2, alpha=0.01",72.0,65.4146112053909,87.17048228772376,0.38348862045315646,66335489960.70487,14.913619121876712,0.10140997830802603,132.07518934675454,-59.98205044369008
"Polynomial Ridge — Current Cycle | degree=2, alpha=0.01",74.0,66.57554660460528,88.39958861953005,0.365980394609007,77367532144.36696,14.929492671189855,0.09761388286334056,130.07518934675454,-61.54233790950469
"Polynomial Ridge — Current Cycle | degree=2, alpha=0.01",76.0,67.74693802650363,89.6401937202305,0.3480597834483595,90234381805.93721,14.959689837737907,0.09164859002169197,128.07518934675454,-63.09251080268195
"Polynomial Ridge — Current Cycle | degree=2, alpha=0.01",78.0,68.92565161620219,90.88752134166714,0.3297902850113329,105241177164.84836,14.979767229548212,0.08703904555314533,126.07518934675454,-64.62758370740643
"Polynomial Ridge — Current Cycle | degree=2, alpha=0.01",80.0,70.11095084184345,92.14205781042348,0.3111605459803224,122743805147.46196,14.991240207822647,0.08270065075921909,124.07518934675454,-66.14964061667365
"Polynomial Ridge — Current Cycle | degree=2, alpha=0.01",82.0,71.3014479471438,93.40438249930878,0.2921573825754902,143157344271.25284,14.992305028979645,0.07836225596529284,122.07518934675454,-67.66051300980838
"Polynomial Ridge — Current Cycle | degree=2, alpha=0.01",84.0,72.49469682797204,94.67090549594501,0.27283115830864735,166965902597.7153,14.995623782692705,0.0737527114967462,120.07518934675454,-69.15699993292928
"Polynomial Ridge — Current Cycle | degree=2, alpha=0.01",86.0,73.68925719600664,95.942713035576,0.25316237386653695,194734108192.92545,14.999924857961522,0.07131236442516269,118.07518934675454,-70.6406365274663
"Polynomial Ridge — Current Cycle | degree=2, alpha=0.01",88.0,74.89086106841897,97.22311371778781,0.23309556132417286,227120494410.32687,15.0,0.06616052060737528,116.07518934675454,-72.11606742260831
"Polynomial Ridge — Current Cycle | degree=2, alpha=0.01",90.0,76.09629289068003,98.50703889411086,0.2127063865196115,264893096487.09396,15.0,0.06317787418655098,114.07518934675454,-73.57875393643756
"Polynomial Ridge — Current Cycle | degree=2, alpha=0.01",92.0,77.30119007963877,99.79470302519,0.19198917372094337,308947704988.9085,15.0,0.05911062906724512,112.07518934675454,-75.02891394760806
"Polynomial Ridge — Current Cycle | degree=2, alpha=0.01",94.0,78.50719770053672,101.08538298426781,0.1709534406213964,360329071120.32825,15.0,0.055856832971800434,110.07518934675454,-76.46642149553148
"Polynomial Ridge — Current Cycle | degree=2, alpha=0.01",96.0,79.71951047380487,102.37787552907254,0.14961728148686726,420255740247.5775,15.0,0.0509761388286334,108.07518934675454,-77.89071032521737
"Polynomial Ridge — Current Cycle | degree=2, alpha=0.01",98.0,80.94101738514202,103.67326370810109,0.12796133601558501,490148894345.0558,15.0,0.04528199566160521,106.07518934675454,-79.30399546105316
"Polynomial Ridge — Current Cycle | degree=2, alpha=0.01",100.0,82.16596609660421,104.96916286658475,0.10602439676936426,571666029933.823,15.0,0.0425704989154013,104.07518934675454,-80.7051285373877
Ridge — Current Cycle | alpha=0.01,0.0,51.61922701706906,66.47925988420886,0.6414295046612899,1622010972.9200993,18.287721247280263,0.5498915401301518,187.63644070954047,0.5484592222927613
Ridge — Current Cycle | alpha=0.01,2.0,51.311620432329235,66.46107345144382,0.6416256628688223,1781923672.288924,17.608617375325384,0.5368763557483731,185.63644070954047,-1.3186317902279188
Ridge — Current Cycle | alpha=0.01,4.0,51.04816868359795,66.4969301893695,0.6412388619810931,1988343493.191482,16.99200233986476,0.5254880694143167,183.63644070954047,-3.1792414011460632
Ridge — Current Cycle | alpha=0.01,6.0,50.82851606539466,66.58645612262404,0.6402721994180881,2245395691.7684255,16.435331417940574,0.5119305856832972,181.63644070954047,-5.034511993165133
Ridge — Current Cycle | alpha=0.01,8.0,50.6575359119263,66.72997820645799,0.6387197958920763,2558545900.8604736,15.96176141707107,0.49837310195227763,179.63644070954047,-6.884599097474047
Ridge — Current Cycle | alpha=0.01,10.0,50.530977635546414,66.92669971235576,0.6365865314118971,2934704396.365213,15.529408970160981,0.4864425162689805,177.63644070954047,-8.728730412578459
Ridge — Current Cycle | alpha=0.01,12.0,50.446929059689644,67.17555886356584,0.633878885263469,3382369291.999189,15.145696997712966,0.47288503253796094,175.63644070954047,-10.565673686372493
Ridge — Current Cycle | alpha=0.01,14.0,50.411300890253,67.47416740121685,0.6306166904334842,3911811058.704472,14.791453142652397,0.460412147505423,173.63644070954047,-12.39373487156581
Ridge — Current Cycle | alpha=0.01,16.0,50.427742741845286,67.82170999808623,0.6268016881269061,4535302279.235881,14.501856017594255,0.4419739696312364,171.63644070954047,-14.214432613559914
Ridge — Current Cycle | alpha=0.01,18.0,50.4991974688377,68.21729713126508,0.6224354460503949,5267397318.793177,14.24487567577662,0.4289587852494577,169.63644070954047,-16.02799106658958
Ridge — Current Cycle | alpha=0.01,20.0,50.61995560243482,68.66227311269138,0.6174937343827992,6125268253.760876,14.009615050646412,0.41567245119305857,167.63644070954047,-17.83791393088759
Ridge — Current Cycle | alpha=0.01,22.0,50.77803890365691,69.15387094805558,0.6119969050108526,7129104298.716536,13.79606422721802,0.40536876355748375,165.63644070954047,-19.640765320823213
Ridge — Current Cycle | alpha=0.01,24.0,50.97461069563632,69.69000778901552,0.6059573549108304,8302584464.407043,13.599811521077072,0.39316702819956617,163.63644070954047,-21.435108231477603
Ridge — Current Cycle | alpha=0.01,26.0,51.209427379270075,70.2713559728375,0.5993557932341381,9673434077.189121,13.400083168988715,0.3823210412147505,161.63644070954047,-23.224410916637808
Ridge — Current Cycle | alpha=0.01,28.0,51.49322692930369,70.89476122914651,0.5922157123944444,11274077920.440504,13.239890234395292,0.36550976138828634,159.63644070954047,-25.00626812503056
Ridge — Current Cycle | alpha=0.01,30.0,51.83902618603339,71.56086999311798,0.5845168427077597,13142406028.753265,13.147887338811378,0.35059652928416485,157.63644070954047,-26.783690314114892
Ridge — Current Cycle | alpha=0.01,32.0,52.238506148675334,72.26754457590586,0.5762704053563185,15322669227.722132,13.060730368699856,0.3364967462039046,155.63644070954047,-28.555018986804498
Ridge — Current Cycle | alpha=0.01,34.0,52.68581890257052,73.01275343580454,0.5674865144914494,17866526305.18259,13.001179417854527,0.3237527114967462,153.63644070954047,-30.321895018578335
Ridge — Current Cycle | alpha=0.01,36.0,53.17226999933354,73.7941189322807,0.5581796623200331,20834267333.04152,12.950747926505162,0.3129067245119306,151.63644070954047,-32.08120358693035
Ridge — Current Cycle | alpha=0.01,38.0,53.69958266796128,74.61001267548552,0.5483558106998268,24296241950.888523,12.901381144599744,0.2993492407809111,149.63644070954047,-33.832799580485414
Ridge — Current Cycle | alpha=0.01,40.0,54.27598640361265,75.46166545752305,0.5379861747926811,28334526495.813225,12.896353592243724,0.2868763557483731,147.63644070954047,-35.58060674768408
Ridge — Current Cycle | alpha=0.01,42.0,54.902080647082144,76.3477391662617,0.5270725070701878,33044869352.362503,12.912241730869992,0.2719631236442516,145.63644070954047,-37.32322051456612
Ridge — Current Cycle | alpha=0.01,44.0,55.57063709217754,77.26329508758685,0.5156618806073198,38538960397.83428,12.941334675713616,0.26003253796095444,143.63644070954047,-39.056734594822494
Ridge — Current Cycle | alpha=0.01,46.0,56.27374925129647,78.20788901908956,0.503746792531212,44947079456.865234,12.973880310496973,0.25162689804772237,141.63644070954047,-40.78340133963116
Ridge — Current Cycle | alpha=0.01,48.0,57.01453943148774,79.18127292262224,0.49131707719330897,52421186097.07175,13.015704418119704,0.238882863340564,139.63644070954047,-42.50264373401429
Ridge — Current Cycle | alpha=0.01,50.0,57.785756607997094,80.18027253800946,0.4784003926432353,61138521622.03309,13.074440331429521,0.2302060737527115,137.63644070954047,-44.21313932338771
Ridge — Current Cycle | alpha=0.01,52.0,58.59686948170332,81.20400144977111,0.4649959617187721,71305812935.23653,13.15760631462323,0.21691973969631237,135.63644070954047,-45.91538305656321
Ridge — Current Cycle | alpha=0.01,54.0,59.43520126306718,82.25057993299822,0.4511165487159521,83164174949.1203,13.26096304488301,0.210412147505423,133.63644070954047,-47.60720792987628
Ridge — Current Cycle | alpha=0.01,56.0,60.29190742287818,83.32041059552024,0.4367450689544753,96994827763.55412,13.356548063989182,0.20200650759219088,131.63644070954047,-49.29048422645229
Ridge — Current Cycle | alpha=0.01,58.0,61.17830457980433,84.41197213770766,0.42189025071497255,113125765579.12978,13.447888893474158,0.19170281995661606,129.63644070954047,-50.965674595832596
Ridge — Current Cycle | alpha=0.01,60.0,62.096290504178356,85.52254971931112,0.4065782226687171,131939535001.47034,13.539658563598477,0.1822125813449024,127.63644070954047,-52.63090057015388
Ridge — Current Cycle | alpha=0.01,62.0,63.04548137753465,86.65484024601109,0.3907607827517914,153882309409.64172,13.643284223105683,0.17380694143167028,125.63644070954047,-54.29087914241564
Ridge — Current Cycle | alpha=0.01,64.0,64.02025600576013,87.8073487636698,0.3744472634673812,179474467196.96875,13.742151274689908,0.1651301518438178,123.63644070954047,-55.945538763999274
Ridge — Current Cycle | alpha=0.01,66.0,65.02586633821646,88.97694314538369,0.3576715443343935,209322933111.95312,13.841053431539462,0.15428416485900218,121.63644070954047,-57.591235815709716
Ridge — Current Cycle | alpha=0.01,68.0,66.0611058128865,90.16282269650125,0.3404356119349219,244135572573.8789,13.93841651019683,0.14642082429501085,119.63644070954047,-59.22747840109585
Ridge — Current Cycle | alpha=0.01,70.0,67.12005224699666,91.36249154307927,0.32276706730268945,284737977598.5267,14.017020393514402,0.13801518438177873,117.63644070954047,-60.85226288617016
Ridge — Current Cycle | alpha=0.01,72.0,68.19649171577318,92.57624565026892,0.3046534114299966,332093047036.9174,14.074762100006444,0.1306941431670282,115.63644070954047,-62.46816570887408
Ridge — Current Cycle | alpha=0.01,74.0,69.29696036635066,93.80265070529941,0.28610815395667477,387323821967.40173,14.112638965620011,0.1220173535791757,113.63644070954047,-64.07403883371404
Ridge — Current Cycle | alpha=0.01,76.0,70.42266639115104,95.04185082112244,0.26712151949898566,451740119899.82623,14.169899910341728,0.11415401301518438,111.63644070954047,-65.67153620626964
Ridge — Current Cycle | alpha=0.01,78.0,71.57178612005073,96.29275302687607,0.24770286747342563,526869594274.1644,14.23057696097859,0.10710412147505423,109.63644070954047,-67.26058643341784
Ridge — Current Cycle | alpha=0.01,80.0,72.73835897307623,97.55509101781917,0.2278492875931627,614493966798.1345,14.28728899753497,0.10059652928416486,107.63644070954047,-68.84139446152915
Ridge — Current Cycle | alpha=0.01,82.0,73.92003336096931,98.82637087275975,0.20759374630462868,716691279857.5444,14.342503274780775,0.09327548806941431,105.63644070954047,-70.41036859602599
Ridge — Current Cycle | alpha=0.01,84.0,75.12184751863992,100.10736840510395,0.18691810740105996,835885177417.0303,14.39170589194968,0.08568329718004339,103.63644070954047,-71.97097547082214
Ridge — Current Cycle | alpha=0.01,86.0,76.34428237000935,101.39661354789972,0.16584049877407592,974902385382.2292,14.43707982381225,0.07863340563991324,101.63644070954047,-73.52227648833052
Ridge — Current Cycle | alpha=0.01,88.0,77.5821367204689,102.69203405148687,0.14439027564894868,1137039741910.1533,14.48190887034916,0.07239696312364426,99.63644070954047,-75.06200295246303
Ridge — Current Cycle | alpha=0.01,90.0,78.8312311218828,103.99183865815485,0.12259377062731891,1326142382895.5996,14.523259138105926,0.06670281995661605,97.63644070954047,-76.58903485078456
Ridge — Current Cycle | alpha=0.01,92.0,80.09104431592674,105.29678266727404,0.10043530446836235,1546694946170.138,14.562922551417177,0.06182212581344902,95.63644070954047,-78.10463015548324
Ridge — Current Cycle | alpha=0.01,94.0,81.35847574288822,106.6074931755809,0.07790076427399883,1803927922752.3967,14.604584911264752,0.056670281995661605,93.63644070954047,-79.60867465966349
Ridge — Current Cycle | alpha=0.01,96.0,82.63088210821842,107.92184364445191,0.05502371149150498,2103941680831.7295,14.649997581776068,0.05233188720173536,91.63644070954047,-81.10031027698517
Ridge — Current Cycle | alpha=0.01,98.0,83.91554265278,109.24172796660774,0.031768245539478435,2453851155737.085,14.688707259195423,0.04718004338394794,89.63644070954047,-82.58235344405894
Ridge — Current Cycle | alpha=0.01,100.0,85.20335658412861,110.56210188513495,0.00822131016102734,2861954553476.8486,14.722063644901205,0.04229934924078091,87.63644070954047,-84.05018287576665
Random Forest — Temporal,0.0,42.4204651167615,63.35105813448061,0.6743808442639575,5401314329.093798,4.847851908819608,0.533351409978308,205.44946190476202,-9.229799144201609
Random Forest — Temporal,2.0,42.376425328065594,63.67313636697601,0.671061517379968,4548728857.457123,4.2413994856319714,0.48400216919739697,203.44946190476202,-11.226817309000491
Random Forest — Temporal,4.0,42.53361104019814,64.05524592261926,0.6671016785515071,3871730599.946395,4.670649722064279,0.43329718004338397,201.44946190476202,-13.207942820867613
Random Forest — Temporal,6.0,42.828201526777285,64.4954574392949,0.6625103533257286,3341990113.0062404,5.6013643694104855,0.40211496746203906,199.44946190476202,-15.172189256219578
Random Forest — Temporal,8.0,43.20325735512483,64.99185498770458,0.6572952965068433,2936895155.7169123,6.716590978968674,0.3858459869848156,197.44946190476202,-17.121514379221484
Random Forest — Temporal,10.0,43.62737504675891,65.54207933549775,0.6514680226060416,2638611126.1165123,7.7733432129943365,0.3690347071583514,195.44946190476202,-19.054434392959763
Random Forest — Temporal,12.0,44.10366720149105,66.1438583746818,0.645038501048993,2433327906.8264523,8.74892140793806,0.3500542299349241,193.44946190476202,-20.971794425601963
Random Forest — Temporal,14.0,44.64821343185686,66.79528067111265,0.6380123467878607,2310661999.3016453,9.682428315350228,0.330531453362256,191.44946190476202,-22.875468550187307
Random Forest — Temporal,16.0,45.25982584557591,67.4938688931596,0.6304009496536793,2263188921.562641,10.564926869737707,0.306941431670282,189.44946190476202,-24.764310496668838
Random Forest — Temporal,18.0,45.94840841176311,68.23712006329184,0.6222159848803863,2286085923.725022,11.380659664484906,0.2866052060737527,187.44946190476202,-26.63817544289926
Random Forest — Temporal,20.0,46.68751424331903,69.02161692352999,0.6134795668262703,2376869225.6294746,12.074668221415877,0.272234273318872,185.44946190476202,-28.494282233932985
Random Forest — Temporal,22.0,47.4641726468371,69.84431616121675,0.6042104360167444,2535213663.3849144,12.616658384976763,0.2573210412147505,183.44946190476202,-30.329614774748567
Random Forest — Temporal,24.0,48.27820162049982,70.70403204482568,0.5944068966731529,2762845523.2490153,13.062908478738025,0.2445770065075922,181.44946190476202,-32.14838857321156
Random Forest — Temporal,26.0,49.12812328201887,71.59923407357925,0.5840712387924072,3063502042.6536245,13.420533521091423,0.23318872017353579,179.44946190476202,-33.952786332977304
Random Forest — Temporal,28.0,50.016827047047386,72.52920350108283,0.5731964570414794,3442953383.4587708,13.714340280239618,0.22044468546637744,177.44946190476202,-35.746407670628805
Random Forest — Temporal,30.0,50.93380078721864,73.490171325736,0.5618117586116458,3909084861.4978714,13.926338100011712,0.20959869848156182,175.44946190476202,-37.52429537770933
Random Forest — Temporal,32.0,51.871803174952035,74.47793924145692,0.5499533818835188,4472039277.010975,14.050593048748437,0.20092190889370934,173.44946190476202,-39.2811642696953
Random Forest — Temporal,34.0,52.82376322086019,75.49223384354951,0.5376117892716683,5144420891.746545,14.138030764168919,0.19224511930585683,171.44946190476202,-41.02233009393146
Random Forest — Temporal,36.0,53.808696399494806,76.53301972459448,0.5247743226285626,5941564380.855659,14.213662136155056,0.18058568329718006,169.44946190476202,-42.751786912584656
Random Forest — Temporal,38.0,54.83333871760497,77.59900450995355,0.5114438334159893,6881873954.934566,14.267638071965294,0.16594360086767895,167.44946190476202,-44.46998894854403
Random Forest — Temporal,40.0,55.90777889888386,78.68923623180726,0.497619400785267,7987239748.67117,14.313742805397565,0.1504880694143167,165.44946190476202,-46.17808272942199
Random Forest — Temporal,42.0,57.02890893723661,79.80247766241897,0.4833041776418371,9283540525.200747,14.357538081433733,0.13828633405639915,163.44946190476202,-47.87622484637992
Random Forest — Temporal,44.0,58.1978669406735,80.93873667221628,0.46848559097702236,10801243943.331549,14.41235003139677,0.12418655097613883,161.44946190476202,-49.566921034272234
Random Forest — Temporal,46.0,59.40429784325873,82.09540774991761,0.45318561867633667,12576118036.093311,14.458052632439614,0.113882863340564,159.44946190476202,-51.24744552204347
Random Forest — Temporal,48.0,60.63712781812846,83.2702393444429,0.4374231908275401,14650070438.544962,14.50900240761801,0.10385032537960955,157.44946190476202,-52.91638926563632
Random Forest — Temporal,50.0,61.89165779484593,84.45996242567212,0.42123272455805383,17072134816.237469,14.55824558747665,0.09571583514099784,155.44946190476202,-54.57105141042212
Random Forest — Temporal,52.0,63.158818785480875,85.66182499885353,0.4046438490560429,19899627835.586334,14.612792499919047,0.08947939262472886,153.44946190476202,-56.208625232305494
Random Forest — Temporal,54.0,64.43634325897118,86.87454053046358,0.38766759817642393,23199503336.395294,14.665604780609929,0.08351409978308026,151.44946190476202,-57.829426494318525
Random Forest — Temporal,56.0,65.72615194382777,88.09985826380209,0.3702725583104096,27049936238.68483,14.712916608566918,0.07727765726681128,149.44946190476202,-59.43847736052199
Random Forest — Temporal,58.0,67.0294148172091,89.33687185582384,0.3524643512498251,31542173263.855583,14.760228436523906,0.07022776572668113,147.44946190476202,-61.03545979776665
Random Forest — Temporal,60.0,68.34379245831407,90.58154130378492,0.3342953171087101,36782693069.19301,14.804824513891596,0.06399132321041215,145.44946190476202,-62.61711813005482
Random Forest — Temporal,62.0,69.6597020244796,91.83448107078802,0.315751660574606,42895731476.18925,14.847835266579768,0.06182212581344902,143.44946190476202,-64.1843791042325
Random Forest — Temporal,64.0,70.97450249551302,93.09622389123055,0.2968202895527725,50026224023.187096,14.89084601926794,0.05856832971800434,141.44946190476202,-65.73998772673632
Random Forest — Temporal,66.0,72.28846556413846,94.36618867922188,0.2775046949840001,58343242242.96624,14.932431296019212,0.056127982646420826,139.44946190476202,-67.2838097821274
Random Forest — Temporal,68.0,73.59968135001407,95.64154339195491,0.25784374650409636,68044001313.43509,14.963166294378082,0.05233188720173536,137.44946190476202,-68.81112357213826
Random Forest — Temporal,70.0,74.91002665154419,96.92286365245789,0.23782504473757915,79358538213.73294,14.97808249686531,0.04880694143167028,135.44946190476202,-70.32366325594961
Random Forest — Temporal,72.0,76.21368876655627,98.20682721317571,0.21749781223773046,92555162616.63884,14.99098572267176,0.04718004338394794,133.44946190476202,-71.81814042533095
Random Forest — Temporal,74.0,77.5032168050669,99.49286856573748,0.1968695267088586,107946824044.66093,14.997630289534923,0.04609544468546638,131.44946190476202,-73.29415251586174
Random Forest — Temporal,76.0,78.77963023019605,100.77947794937333,0.1759635770442355,125898527936.22592,15.0,0.045010845986984814,129.44946190476202,-74.75192557525463
Random Forest — Temporal,78.0,80.04145635724356,102.06582115627326,0.15479342366967985,146835996051.75073,15.0,0.04338394793926247,127.44946190476202,-76.19147217210616
Random Forest — Temporal,80.0,81.29554408708101,103.35403328898964,0.1333234257740905,171255760614.10797,15.0,0.04175704989154013,125.44946190476202,-77.6163235734896
Random Forest — Temporal,82.0,82.54433314281911,104.6446979720554,0.11154250115841624,199736938129.55658,15.0,0.04067245119305857,123.44946190476202,-79.02937449561985
Random Forest — Temporal,84.0,83.78432926182693,105.93747878244646,0.08945489208613988,232954964091.16394,15.0,0.0398590021691974,121.44946190476202,-80.4307409581874
Random Forest — Temporal,86.0,85.01245108864833,107.22910241321462,0.06711622265060535,271697607520.88318,15.0,0.039045553145336226,119.44946190476202,-81.81721755953032
Random Forest — Temporal,88.0,86.22988754687181,108.51925719113815,0.04453270876381765,316883657306.5395,15.0,0.03850325379609545,117.44946190476202,-83.18945759606869
Random Forest — Temporal,90.0,87.44024259523692,109.81127786927713,0.021645852451405045,369584715291.93896,15.0,0.03714750542299349,115.44946190476202,-84.55101426955963
Random Forest — Temporal,92.0,88.64584634849679,111.1040686620342,-0.0015257642782231517,431050598681.90326,15.0,0.03552060737527115,113.44946190476202,-85.90170191317627
Random Forest — Temporal,94.0,89.8446000935499,112.3950110765095,-0.024934869233201207,502738969764.12885,15.0,0.033622559652928416,111.44946190476202,-87.23943949856648
Random Forest — Temporal,96.0,91.03754195527173,113.68313032025021,-0.04856231865225569,586349938356.9849,15.0,0.031182212581344904,109.44946190476202,-88.56309826686335
Random Forest — Temporal,98.0,92.22653766851576,114.97063177358821,-0.0724474854720416,683866357241.4619,15.0,0.03091106290672451,107.44946190476202,-89.87585407892638
Random Forest — Temporal,100.0,93.40427868737663,116.25584349738398,-0.09655844184104434,797600827279.1904,15.0,0.02928416485900217,105.44946190476202,-91.17544916757433
