Filename,Exists
fd001_anomaly_internal_test_metrics.csv,True
fd001_anomaly_internal_test_summary.csv,True
fd001_artifact_size_summary.csv,True
fd001_inference_latency_benchmark.csv,True
fd001_internal_test_classification_results.csv,True
fd001_internal_test_conformal_ci_corrected.csv,True
fd001_internal_test_conformal_summary_corrected.csv,True
fd001_internal_test_decision_summary.csv,True
fd001_internal_test_decision_timing_summary.csv,True
fd001_internal_test_regression_ci_corrected.csv,True
fd001_internal_test_regression_corrected.csv,True
fd001_official_test_regression_results.csv,True
fd001_operating_settings_ablation_delta.csv,True
